,new moons,first quarter moon,full moons,third quarter moons
0,1900-01-02,1900-01-08,1900-01-16,1900-01-24
1,1900-01-31,1900-02-07,1900-02-15,1900-02-23
2,1900-03-01,1900-03-07,1900-03-16,1900-03-23
3,1900-03-30,1900-04-06,1900-04-14,1900-04-22
4,1900-04-28,1900-05-06,1900-05-14,1900-05-21
5,1900-05-28,1900-06-04,1900-06-12,1900-06-19
6,1900-06-26,1900-07-04,1900-07-12,1900-07-18
7,1900-07-26,1900-08-03,1900-08-10,1900-08-17
8,1900-08-24,1900-09-02,1900-09-08,1900-09-15
9,1900-09-23,1900-10-01,1900-10-08,1900-10-15
10,1900-10-23,1900-10-31,1900-11-06,1900-11-13
11,1900-11-21,1900-11-29,1900-12-06,1900-12-13
12,1900-12-21,1900-12-28,1901-01-04,1901-01-12
13,1901-01-20,1901-01-27,1901-02-03,1901-02-11
14,1901-02-18,1901-02-25,1901-03-05,1901-03-13
15,1901-03-20,1901-03-26,1901-04-03,1901-04-11
16,1901-04-18,1901-04-25,1901-05-03,1901-05-11
17,1901-05-17,1901-05-24,1901-06-02,1901-06-09
18,1901-06-16,1901-06-23,1901-07-01,1901-07-08
19,1901-07-15,1901-07-23,1901-07-31,1901-08-07
20,1901-08-14,1901-08-21,1901-08-29,1901-09-05
21,1901-09-12,1901-09-20,1901-09-27,1901-10-04
22,1901-10-12,1901-10-20,1901-10-27,1901-11-02
23,1901-11-10,1901-11-19,1901-11-25,1901-12-02
24,1901-12-10,1901-12-18,1901-12-25,1902-01-01
25,1902-01-09,1902-01-16,1902-01-23,1902-01-31
26,1902-02-08,1902-02-15,1902-02-22,1902-03-02
27,1902-03-09,1902-03-16,1902-03-23,1902-03-31
28,1902-04-08,1902-04-14,1902-04-22,1902-04-30
29,1902-05-07,1902-05-14,1902-05-22,1902-05-30
30,1902-06-05,1902-06-12,1902-06-20,1902-06-28
31,1902-07-05,1902-07-12,1902-07-20,1902-07-27
32,1902-08-03,1902-08-10,1902-08-18,1902-08-26
33,1902-09-01,1902-09-09,1902-09-17,1902-09-24
34,1902-10-01,1902-10-09,1902-10-16,1902-10-23
35,1902-10-31,1902-11-08,1902-11-15,1902-11-21
36,1902-11-29,1902-12-07,1902-12-14,1902-12-21
37,1902-12-29,1903-01-06,1903-01-13,1903-01-20
38,1903-01-28,1903-02-05,1903-02-11,1903-02-18
39,1903-02-27,1903-03-06,1903-03-13,1903-03-20
40,1903-03-28,1903-04-04,1903-04-11,1903-04-19
41,1903-04-27,1903-05-03,1903-05-11,1903-05-19
42,1903-05-26,1903-06-02,1903-06-09,1903-06-17
43,1903-06-24,1903-07-01,1903-07-09,1903-07-17
44,1903-07-24,1903-07-30,1903-08-08,1903-08-15
45,1903-08-22,1903-08-29,1903-09-06,1903-09-14
46,1903-09-20,1903-09-28,1903-10-06,1903-10-13
47,1903-10-20,1903-10-28,1903-11-04,1903-11-11
48,1903-11-18,1903-11-26,1903-12-04,1903-12-11
49,1903-12-18,1903-12-26,1904-01-02,1904-01-09
50,1904-01-17,1904-01-25,1904-02-01,1904-02-08
51,1904-02-16,1904-02-24,1904-03-01,1904-03-08
52,1904-03-16,1904-03-24,1904-03-31,1904-04-07
53,1904-04-15,1904-04-22,1904-04-29,1904-05-07
54,1904-05-15,1904-05-22,1904-05-29,1904-06-05
55,1904-06-13,1904-06-20,1904-06-27,1904-07-05
56,1904-07-12,1904-07-19,1904-07-27,1904-08-04
57,1904-08-11,1904-08-17,1904-08-25,1904-09-02
58,1904-09-09,1904-09-16,1904-09-24,1904-10-02
59,1904-10-08,1904-10-15,1904-10-24,1904-10-31
60,1904-11-07,1904-11-14,1904-11-22,1904-11-29
61,1904-12-06,1904-12-14,1904-12-22,1904-12-29
62,1905-01-05,1905-01-13,1905-01-20,1905-01-27
63,1905-02-04,1905-02-12,1905-02-19,1905-02-26
64,1905-03-05,1905-03-14,1905-03-20,1905-03-27
65,1905-04-04,1905-04-12,1905-04-19,1905-04-26
66,1905-05-04,1905-05-11,1905-05-18,1905-05-25
67,1905-06-02,1905-06-10,1905-05-29,1905-06-24
68,1905-06-24,1905-06-24,1905-06-16,1905-06-25
69,1905-07-02,1905-07-05,1905-06-24,1905-07-06
70,1905-07-05,1905-07-09,1905-06-25,1905-07-24
71,1905-07-31,1905-08-07,1905-07-05,1905-08-22
72,1905-08-30,1905-09-05,1905-07-06,1905-09-21
73,1905-09-28,1905-10-05,1905-07-16,1905-10-21
74,1905-10-27,1905-11-03,1905-08-14,1905-11-19
75,1905-11-26,1905-12-03,1905-09-13,1905-12-19
76,1905-12-25,1906-01-02,1905-10-13,1906-01-17
77,1906-01-24,1906-02-01,1905-11-11,1906-02-15
78,1906-02-22,1906-03-03,1905-12-11,1906-03-17
79,1906-03-24,1906-04-01,1906-01-10,1906-04-15
80,1906-04-23,1906-05-01,1906-02-08,1906-05-14
81,1906-05-23,1906-05-30,1906-03-10,1906-06-13
82,1906-06-21,1906-06-29,1906-04-08,1906-07-13
83,1906-07-21,1906-07-28,1906-05-08,1906-08-11
84,1906-08-19,1906-08-26,1906-06-06,1906-09-10
85,1906-09-18,1906-09-24,1906-07-05,1906-10-10
86,1906-10-17,1906-10-24,1906-08-04,1906-11-09
87,1906-11-16,1906-11-22,1906-09-02,1906-12-08
88,1906-12-15,1906-12-22,1906-10-02,1907-01-07
89,1907-01-13,1907-01-21,1906-10-31,1907-02-05
90,1907-02-12,1907-02-19,1906-11-30,1907-03-07
91,1907-03-13,1907-03-21,1906-12-30,1907-04-05
92,1907-04-12,1907-04-20,1907-01-29,1907-05-04
93,1907-05-12,1907-05-20,1907-02-27,1907-06-02
94,1907-06-10,1907-06-18,1907-03-29,1907-07-02
95,1907-07-10,1907-07-18,1907-04-27,1907-07-31
96,1907-08-08,1907-08-16,1907-05-27,1907-08-30
97,1907-09-07,1907-09-14,1907-06-25,1907-09-29
98,1907-10-07,1907-10-14,1907-07-24,1907-10-28
99,1907-11-05,1907-11-12,1907-08-23,1907-11-27
100,1907-12-05,1907-12-11,1907-09-21,1907-12-27
101,1908-01-03,1908-01-10,1907-10-21,1908-01-26
102,1908-02-02,1908-02-08,1907-11-19,1908-02-24
103,1908-03-02,1908-03-09,1907-12-19,1908-03-25
104,1908-03-31,1908-04-08,1908-01-18,1908-04-23
105,1908-04-30,1908-05-08,1908-02-17,1908-05-22
106,1908-05-29,1908-06-06,1908-03-17,1908-06-20
107,1908-06-28,1908-07-06,1908-04-16,1908-07-20
108,1908-07-27,1908-08-05,1908-05-15,1908-08-18
109,1908-08-26,1908-09-03,1908-06-14,1908-09-17
110,1908-09-25,1908-10-02,1908-07-13,1908-10-16
111,1908-10-24,1908-11-01,1908-08-11,1908-11-15
112,1908-11-23,1908-11-30,1908-09-10,1908-12-15
113,1908-12-23,1908-12-29,1908-10-09,1909-01-14
114,1909-01-21,1909-01-28,1908-11-07,1909-02-13
115,1909-02-20,1909-02-26,1908-12-07,1909-03-14
116,1909-03-21,1909-03-28,1909-01-06,1909-04-13
117,1909-04-19,1909-04-27,1909-02-05,1909-05-12
118,1909-05-19,1909-05-26,1909-03-06,1909-06-10
119,1909-06-17,1909-06-25,1909-04-05,1909-07-09
120,1909-07-17,1909-07-25,1909-05-05,1909-08-08
121,1909-08-15,1909-08-23,1909-06-03,1909-09-06
122,1909-09-14,1909-09-22,1909-07-03,1909-10-05
123,1909-10-14,1909-10-21,1909-08-01,1909-11-04
124,1909-11-12,1909-11-20,1909-08-30,1909-12-04
125,1909-12-12,1909-12-19,1909-09-29,1910-01-03
126,1910-01-11,1910-01-18,1909-10-28,1910-02-02
127,1910-02-09,1910-02-16,1909-11-27,1910-03-03
128,1910-03-11,1910-03-17,1909-12-26,1910-04-02
129,1910-04-09,1910-04-16,1910-01-25,1910-05-02
130,1910-05-08,1910-05-15,1910-02-23,1910-05-31
131,1910-06-07,1910-06-14,1910-03-25,1910-06-29
132,1910-07-06,1910-07-14,1910-04-24,1910-07-29
133,1910-08-04,1910-08-12,1910-05-23,1910-08-27
134,1910-09-03,1910-09-11,1910-06-22,1910-09-25
135,1910-10-03,1910-10-11,1910-07-22,1910-10-24
136,1910-11-01,1910-11-09,1910-08-20,1910-11-23
137,1910-12-01,1910-12-09,1910-09-18,1910-12-23
138,1910-12-31,1911-01-07,1910-10-18,1911-01-21
139,1911-01-30,1911-02-06,1910-11-16,1911-02-20
140,1911-02-28,1911-03-07,1910-12-16,1911-03-22
141,1911-03-30,1911-04-05,1911-01-14,1911-04-21
142,1911-04-28,1911-05-05,1911-02-13,1911-05-21
143,1911-05-27,1911-06-03,1911-03-14,1911-06-19
144,1911-06-26,1911-07-03,1911-04-13,1911-07-18
145,1911-07-25,1911-08-01,1911-05-12,1911-08-17
146,1911-08-23,1911-08-31,1911-06-11,1911-09-15
147,1911-09-22,1911-09-30,1911-07-11,1911-10-14
148,1911-10-21,1911-10-29,1911-08-09,1911-11-12
149,1911-11-20,1911-11-28,1911-09-08,1911-12-12
150,1911-12-20,1911-12-28,1911-10-07,1912-01-10
151,1912-01-19,1912-01-27,1911-11-06,1912-02-09
152,1912-02-17,1912-02-25,1911-12-05,1912-03-10
153,1912-03-18,1912-03-25,1912-01-04,1912-04-09
154,1912-04-17,1912-04-24,1912-02-02,1912-05-09
155,1912-05-16,1912-05-23,1912-03-03,1912-06-07
156,1912-06-14,1912-06-21,1912-04-01,1912-07-07
157,1912-07-14,1912-07-20,1912-05-01,1912-08-05
158,1912-08-12,1912-08-19,1912-05-30,1912-09-04
159,1912-09-10,1912-09-17,1912-06-29,1912-10-03
160,1912-10-10,1912-10-17,1912-07-28,1912-11-01
161,1912-11-08,1912-11-16,1912-08-27,1912-12-01
162,1912-12-08,1912-12-16,1912-09-26,1912-12-30
163,1913-01-07,1913-01-15,1912-10-25,1913-01-28
164,1913-02-05,1913-02-14,1912-11-24,1913-02-27
165,1913-03-07,1913-03-15,1912-12-23,1913-03-29
166,1913-04-06,1913-04-13,1913-01-22,1913-04-27
167,1913-05-06,1913-05-13,1913-02-20,1913-05-27
168,1913-06-04,1913-06-11,1913-03-22,1913-06-26
169,1913-07-03,1913-07-10,1913-04-20,1913-07-26
170,1913-08-02,1913-08-08,1913-05-19,1913-08-24
171,1913-08-31,1913-09-07,1913-06-18,1913-09-23
172,1913-09-29,1913-10-06,1913-07-17,1913-10-22
173,1913-10-29,1913-11-05,1913-08-16,1913-11-20
174,1913-11-27,1913-12-05,1913-09-15,1913-12-20
175,1913-12-27,1914-01-04,1913-10-14,1914-01-18
176,1914-01-25,1914-02-03,1913-11-13,1914-02-17
177,1914-02-24,1914-03-04,1913-12-13,1914-03-18
178,1914-03-26,1914-04-03,1914-01-11,1914-04-16
179,1914-04-25,1914-05-02,1914-02-10,1914-05-16
180,1914-05-24,1914-06-01,1914-03-11,1914-06-15
181,1914-06-23,1914-06-30,1914-04-10,1914-07-14
182,1914-07-22,1914-07-29,1914-05-09,1914-08-13
183,1914-08-21,1914-08-27,1914-06-07,1914-09-12
184,1914-09-19,1914-09-26,1914-07-07,1914-10-12
185,1914-10-18,1914-10-25,1914-08-05,1914-11-10
186,1914-11-17,1914-11-24,1914-09-04,1914-12-10
187,1914-12-16,1914-12-24,1914-10-03,1915-01-08
188,1915-01-15,1915-01-22,1914-11-02,1915-02-06
189,1915-02-13,1915-02-21,1914-12-02,1915-03-08
190,1915-03-15,1915-03-23,1915-01-01,1915-04-06
191,1915-04-14,1915-04-22,1915-01-30,1915-05-05
192,1915-05-13,1915-05-21,1915-03-01,1915-06-04
193,1915-06-12,1915-06-20,1915-03-30,1915-07-03
194,1915-07-12,1915-07-19,1915-04-29,1915-08-02
195,1915-08-10,1915-08-17,1915-05-28,1915-09-01
196,1915-09-09,1915-09-15,1915-06-26,1915-10-01
197,1915-10-08,1915-10-15,1915-07-26,1915-10-30
198,1915-11-06,1915-11-13,1915-08-24,1915-11-29
199,1915-12-06,1915-12-13,1915-09-23,1915-12-29
200,1916-01-04,1916-01-11,1915-10-22,1916-01-27
201,1916-02-03,1916-02-10,1915-11-21,1916-02-26
202,1916-03-03,1916-03-11,1915-12-21,1916-03-26
203,1916-04-02,1916-04-10,1916-01-20,1916-04-24
204,1916-05-01,1916-05-10,1916-02-18,1916-05-23
205,1916-05-31,1916-06-08,1916-03-19,1916-06-22
206,1916-06-30,1916-07-08,1916-04-17,1916-07-21
207,1916-07-29,1916-08-06,1916-05-17,1916-08-20
208,1916-08-28,1916-09-04,1916-06-15,1916-09-18
209,1916-09-26,1916-10-04,1916-07-14,1916-10-18
210,1916-10-26,1916-11-02,1916-08-13,1916-11-17
211,1916-11-25,1916-12-01,1916-09-11,1916-12-17
212,1916-12-24,1916-12-31,1916-10-10,1917-01-16
213,1917-01-22,1917-01-29,1916-11-09,1917-02-14
214,1917-02-21,1917-02-28,1916-12-09,1917-03-16
215,1917-03-22,1917-03-30,1917-01-07,1917-04-14
216,1917-04-21,1917-04-28,1917-02-06,1917-05-13
217,1917-05-20,1917-05-28,1917-03-08,1917-06-11
218,1917-06-19,1917-06-27,1917-04-07,1917-07-11
219,1917-07-18,1917-07-26,1917-05-06,1917-08-09
220,1917-08-17,1917-08-25,1917-06-05,1917-09-07
221,1917-09-16,1917-09-23,1917-07-04,1917-10-07
222,1917-10-15,1917-10-23,1917-08-02,1917-11-06
223,1917-11-14,1917-11-21,1917-09-01,1917-12-06
224,1917-12-14,1917-12-20,1917-09-30,1918-01-05
225,1918-01-12,1918-01-19,1917-10-29,1918-02-03
226,1918-02-11,1918-02-17,1917-11-28,1918-03-05
227,1918-03-12,1918-03-19,1917-12-28,1918-04-04
228,1918-04-10,1918-04-17,1918-01-26,1918-05-03
229,1918-05-10,1918-05-17,1918-02-25,1918-06-01
230,1918-06-08,1918-06-16,1918-03-27,1918-07-01
231,1918-07-08,1918-07-15,1918-04-26,1918-07-30
232,1918-08-06,1918-08-14,1918-05-25,1918-08-28
233,1918-09-05,1918-09-13,1918-06-24,1918-09-26
234,1918-10-04,1918-10-12,1918-07-23,1918-10-26
235,1918-11-03,1918-11-11,1918-08-21,1918-11-25
236,1918-12-03,1918-12-10,1918-09-20,1918-12-24
237,1919-01-02,1919-01-09,1918-10-19,1919-01-23
238,1919-01-31,1919-02-07,1918-11-17,1919-02-22
239,1919-03-02,1919-03-08,1918-12-17,1919-03-24
240,1919-03-31,1919-04-07,1919-01-16,1919-04-23
241,1919-04-29,1919-05-06,1919-02-14,1919-05-22
242,1919-05-29,1919-06-05,1919-03-16,1919-06-20
243,1919-06-27,1919-07-04,1919-04-15,1919-07-20
244,1919-07-26,1919-08-03,1919-05-14,1919-08-18
245,1919-08-25,1919-09-02,1919-06-13,1919-09-16
246,1919-09-23,1919-10-02,1919-07-12,1919-10-15
247,1919-10-23,1919-10-31,1919-08-11,1919-11-14
248,1919-11-22,1919-11-30,1919-09-09,1919-12-13
249,1919-12-22,1919-12-29,1919-10-09,1920-01-12
250,1920-01-20,1920-01-28,1919-11-07,1920-02-11
251,1920-02-19,1920-02-26,1919-12-07,1920-03-12
252,1920-03-20,1920-03-26,1920-01-05,1920-04-11
253,1920-04-18,1920-04-25,1920-02-04,1920-05-10
254,1920-05-17,1920-05-24,1920-03-04,1920-06-09
255,1920-06-16,1920-06-22,1920-04-03,1920-07-08
256,1920-07-15,1920-07-22,1920-05-02,1920-08-07
257,1920-08-13,1920-08-21,1920-06-01,1920-09-05
258,1920-09-12,1920-09-19,1920-07-01,1920-10-04
259,1920-10-11,1920-10-19,1920-07-30,1920-11-02
260,1920-11-10,1920-11-18,1920-08-29,1920-12-02
261,1920-12-10,1920-12-18,1920-09-27,1920-12-31
262,1921-01-08,1921-01-16,1920-10-27,1921-01-30
263,1921-02-07,1921-02-15,1920-11-25,1921-03-01
264,1921-03-09,1921-03-16,1920-12-25,1921-03-31
265,1921-04-08,1921-04-15,1921-01-23,1921-04-29
266,1921-05-07,1921-05-14,1921-02-22,1921-05-29
267,1921-06-05,1921-06-12,1921-03-23,1921-06-28
268,1921-07-05,1921-07-11,1921-04-21,1921-07-27
269,1921-08-03,1921-08-10,1921-05-21,1921-08-26
270,1921-09-01,1921-09-08,1921-06-20,1921-09-24
271,1921-10-01,1921-10-08,1921-07-19,1921-10-23
272,1921-10-30,1921-11-07,1921-08-18,1921-11-22
273,1921-11-29,1921-12-07,1921-09-16,1921-12-21
274,1921-12-28,1922-01-06,1921-10-16,1922-01-19
275,1922-01-27,1922-02-04,1921-11-15,1922-02-18
276,1922-02-26,1922-03-06,1921-12-14,1922-03-20
277,1922-03-28,1922-04-04,1922-01-13,1922-04-18
278,1922-04-26,1922-05-04,1922-02-11,1922-05-18
279,1922-05-26,1922-06-02,1922-03-13,1922-06-17
280,1922-06-24,1922-07-01,1922-04-11,1922-07-16
281,1922-07-24,1922-07-30,1922-05-10,1922-08-15
282,1922-08-22,1922-08-29,1922-06-09,1922-09-14
283,1922-09-20,1922-09-27,1922-07-08,1922-10-13
284,1922-10-20,1922-10-27,1922-08-07,1922-11-11
285,1922-11-18,1922-11-26,1922-09-05,1922-12-11
286,1922-12-18,1922-12-25,1922-10-05,1923-01-09
287,1923-01-16,1923-01-24,1922-11-04,1923-02-08
288,1923-02-15,1923-02-23,1922-12-04,1923-03-09
289,1923-03-17,1923-03-25,1923-01-02,1923-04-07
290,1923-04-15,1923-04-23,1923-02-01,1923-05-07
291,1923-05-15,1923-05-23,1923-03-02,1923-06-06
292,1923-06-14,1923-06-21,1923-04-01,1923-07-05
293,1923-07-13,1923-07-20,1923-04-30,1923-08-04
294,1923-08-12,1923-08-18,1923-05-29,1923-09-03
295,1923-09-10,1923-09-17,1923-06-28,1923-10-02
296,1923-10-09,1923-10-16,1923-07-27,1923-11-01
297,1923-11-08,1923-11-15,1923-08-26,1923-12-01
298,1923-12-07,1923-12-14,1923-09-24,1923-12-30
299,1924-01-06,1924-01-13,1923-10-24,1924-01-28
300,1924-02-04,1924-02-12,1923-11-23,1924-02-27
301,1924-03-05,1924-03-13,1923-12-22,1924-03-27
302,1924-04-03,1924-04-12,1924-01-21,1924-04-25
303,1924-05-03,1924-05-11,1924-02-20,1924-05-25
304,1924-06-02,1924-06-10,1924-03-20,1924-06-23
305,1924-07-01,1924-07-09,1924-04-19,1924-07-23
306,1924-07-31,1924-08-07,1924-05-18,1924-08-22
307,1924-08-30,1924-09-06,1924-06-16,1924-09-20
308,1924-09-28,1924-10-05,1924-07-16,1924-10-20
309,1924-10-27,1924-11-03,1924-08-14,1924-11-19
310,1924-11-26,1924-12-03,1924-09-12,1924-12-19
311,1924-12-25,1925-01-01,1924-10-12,1925-01-17
312,1925-01-24,1925-01-31,1924-11-11,1925-02-16
313,1925-02-22,1925-03-02,1924-12-10,1925-03-17
314,1925-03-24,1925-04-01,1925-01-09,1925-04-15
315,1925-04-22,1925-04-30,1925-02-08,1925-05-14
316,1925-05-22,1925-05-30,1925-03-10,1925-06-13
317,1925-06-20,1925-06-29,1925-04-08,1925-07-12
318,1925-07-20,1925-07-28,1925-05-08,1925-08-11
319,1925-08-19,1925-08-26,1925-06-06,1925-09-09
320,1925-09-17,1925-09-25,1925-07-05,1925-10-09
321,1925-10-17,1925-10-24,1925-08-04,1925-11-08
322,1925-11-15,1925-11-22,1925-09-02,1925-12-08
323,1925-12-15,1925-12-22,1925-10-01,1926-01-06
324,1926-01-13,1926-01-20,1925-10-31,1926-02-05
325,1926-02-12,1926-02-19,1925-11-30,1926-03-07
326,1926-03-13,1926-03-20,1925-12-29,1926-04-05
327,1926-04-12,1926-04-19,1926-01-28,1926-05-04
328,1926-05-11,1926-05-19,1926-02-27,1926-06-03
329,1926-06-10,1926-06-18,1926-03-29,1926-07-02
330,1926-07-09,1926-07-17,1926-04-27,1926-07-31
331,1926-08-08,1926-08-16,1926-05-27,1926-08-29
332,1926-09-06,1926-09-14,1926-06-25,1926-09-28
333,1926-10-06,1926-10-14,1926-07-24,1926-10-28
334,1926-11-05,1926-11-12,1926-08-23,1926-11-26
335,1926-12-04,1926-12-11,1926-09-21,1926-12-26
336,1927-01-03,1927-01-10,1926-10-20,1927-01-25
337,1927-02-02,1927-02-08,1926-11-19,1927-02-24
338,1927-03-03,1927-03-10,1926-12-18,1927-03-26
339,1927-04-01,1927-04-08,1927-01-17,1927-04-24
340,1927-05-01,1927-05-08,1927-02-16,1927-05-23
341,1927-05-30,1927-06-06,1927-03-18,1927-06-22
342,1927-06-28,1927-07-06,1927-04-16,1927-07-21
343,1927-07-28,1927-08-05,1927-05-16,1927-08-19
344,1927-08-26,1927-09-04,1927-06-15,1927-09-17
345,1927-09-25,1927-10-03,1927-07-14,1927-10-17
346,1927-10-25,1927-11-02,1927-08-12,1927-11-15
347,1927-11-24,1927-12-01,1927-09-11,1927-12-15
348,1927-12-23,1927-12-31,1927-10-10,1928-01-14
349,1928-01-22,1928-01-29,1927-11-08,1928-02-13
350,1928-02-21,1928-02-27,1927-12-08,1928-03-14
351,1928-03-21,1928-03-28,1928-01-06,1928-04-13
352,1928-04-19,1928-04-26,1928-02-05,1928-05-12
353,1928-05-19,1928-05-26,1928-03-06,1928-06-10
354,1928-06-17,1928-06-24,1928-04-04,1928-07-10
355,1928-07-16,1928-07-24,1928-05-04,1928-08-08
356,1928-08-15,1928-08-23,1928-06-03,1928-09-06
357,1928-09-13,1928-09-21,1928-07-02,1928-10-05
358,1928-10-13,1928-10-21,1928-08-01,1928-11-04
359,1928-11-12,1928-11-20,1928-08-30,1928-12-03
360,1928-12-11,1928-12-19,1928-09-29,1929-01-02
361,1929-01-10,1929-01-18,1928-10-28,1929-02-01
362,1929-02-09,1929-02-16,1928-11-27,1929-03-03
363,1929-03-11,1929-03-17,1928-12-26,1929-04-01
364,1929-04-09,1929-04-16,1929-01-24,1929-05-01
365,1929-05-08,1929-05-15,1929-02-23,1929-05-31
366,1929-06-07,1929-06-13,1929-03-24,1929-06-29
367,1929-07-06,1929-07-13,1929-04-23,1929-07-29
368,1929-08-04,1929-08-11,1929-05-23,1929-08-27
369,1929-09-03,1929-09-10,1929-06-21,1929-09-25
370,1929-10-02,1929-10-10,1929-07-21,1929-10-25
371,1929-11-01,1929-11-09,1929-08-20,1929-11-23
372,1929-11-30,1929-12-09,1929-09-18,1929-12-22
373,1929-12-30,1930-01-07,1929-10-18,1930-01-21
374,1930-01-29,1930-02-06,1929-11-16,1930-02-20
375,1930-02-28,1930-03-07,1929-12-16,1930-03-21
376,1930-03-29,1930-04-06,1930-01-14,1930-04-20
377,1930-04-28,1930-05-05,1930-02-13,1930-05-20
378,1930-05-27,1930-06-03,1930-03-14,1930-06-19
379,1930-06-26,1930-07-02,1930-04-12,1930-07-18
380,1930-07-25,1930-08-01,1930-05-12,1930-08-17
381,1930-08-23,1930-08-30,1930-06-10,1930-09-15
382,1930-09-22,1930-09-29,1930-07-10,1930-10-14
383,1930-10-21,1930-10-29,1930-08-09,1930-11-13
384,1930-11-20,1930-11-27,1930-09-07,1930-12-12
385,1930-12-19,1930-12-27,1930-10-07,1931-01-10
386,1931-01-18,1931-01-26,1930-11-06,1931-02-09
387,1931-02-17,1931-02-25,1930-12-05,1931-03-10
388,1931-03-18,1931-03-26,1931-01-04,1931-04-09
389,1931-04-17,1931-04-25,1931-02-02,1931-05-09
390,1931-05-17,1931-05-24,1931-03-04,1931-06-07
391,1931-06-15,1931-06-22,1931-04-02,1931-07-07
392,1931-07-15,1931-07-21,1931-05-01,1931-08-06
393,1931-08-13,1931-08-20,1931-05-31,1931-09-04
394,1931-09-11,1931-09-18,1931-06-29,1931-10-04
395,1931-10-11,1931-10-18,1931-07-29,1931-11-02
396,1931-11-09,1931-11-16,1931-08-27,1931-12-02
397,1931-12-09,1931-12-16,1931-09-26,1931-12-31
398,1932-01-07,1932-01-15,1931-10-26,1932-01-30
399,1932-02-06,1932-02-14,1931-11-24,1932-02-28
400,1932-03-06,1932-03-15,1931-12-24,1932-03-28
401,1932-04-05,1932-04-13,1932-01-23,1932-04-27
402,1932-05-05,1932-05-13,1932-02-21,1932-05-26
403,1932-06-04,1932-06-11,1932-03-22,1932-06-25
404,1932-07-03,1932-07-10,1932-04-20,1932-07-25
405,1932-08-02,1932-08-08,1932-05-19,1932-08-23
406,1932-08-31,1932-09-07,1932-06-18,1932-09-22
407,1932-09-29,1932-10-06,1932-07-17,1932-10-22
408,1932-10-29,1932-11-04,1932-08-15,1932-11-20
409,1932-11-27,1932-12-04,1932-09-14,1932-12-20
410,1932-12-27,1933-01-03,1932-10-14,1933-01-18
411,1933-01-25,1933-02-02,1932-11-12,1933-02-17
412,1933-02-24,1933-03-04,1932-12-12,1933-03-18
413,1933-03-25,1933-04-02,1933-01-11,1933-04-16
414,1933-04-24,1933-05-02,1933-02-10,1933-05-16
415,1933-05-24,1933-06-01,1933-03-11,1933-06-14
416,1933-06-22,1933-06-30,1933-04-10,1933-07-14
417,1933-07-22,1933-07-29,1933-05-09,1933-08-12
418,1933-08-20,1933-08-28,1933-06-07,1933-09-11
419,1933-09-19,1933-09-26,1933-07-07,1933-10-11
420,1933-10-18,1933-10-25,1933-08-05,1933-11-10
421,1933-11-17,1933-11-23,1933-09-03,1933-12-09
422,1933-12-16,1933-12-23,1933-10-03,1934-01-08
423,1934-01-15,1934-01-22,1933-11-01,1934-02-07
424,1934-02-13,1934-02-20,1933-12-01,1934-03-08
425,1934-03-15,1934-03-22,1933-12-31,1934-04-06
426,1934-04-13,1934-04-21,1934-01-30,1934-05-05
427,1934-05-13,1934-05-21,1934-03-01,1934-06-04
428,1934-06-11,1934-06-19,1934-03-30,1934-07-03
429,1934-07-11,1934-07-19,1934-04-29,1934-08-01
430,1934-08-10,1934-08-17,1934-05-28,1934-08-31
431,1934-09-08,1934-09-16,1934-06-26,1934-09-30
432,1934-10-08,1934-10-15,1934-07-26,1934-10-30
433,1934-11-06,1934-11-13,1934-08-24,1934-11-28
434,1934-12-06,1934-12-13,1934-09-22,1934-12-28
435,1935-01-04,1935-01-11,1934-10-22,1935-01-27
436,1935-02-03,1935-02-10,1934-11-20,1935-02-26
437,1935-03-04,1935-03-11,1934-12-20,1935-03-27
438,1935-04-03,1935-04-10,1935-01-19,1935-04-25
439,1935-05-02,1935-05-10,1935-02-18,1935-05-25
440,1935-05-31,1935-06-08,1935-03-19,1935-06-23
441,1935-06-30,1935-07-08,1935-04-18,1935-07-22
442,1935-07-30,1935-08-07,1935-05-18,1935-08-20
443,1935-08-28,1935-09-05,1935-06-16,1935-09-19
444,1935-09-27,1935-10-05,1935-07-15,1935-10-18
445,1935-10-27,1935-11-03,1935-08-14,1935-11-17
446,1935-11-25,1935-12-02,1935-09-12,1935-12-17
447,1935-12-25,1936-01-01,1935-10-11,1936-01-16
448,1936-01-23,1936-01-30,1935-11-10,1936-02-15
449,1936-02-22,1936-02-29,1935-12-09,1936-03-16
450,1936-03-22,1936-03-29,1936-01-08,1936-04-14
451,1936-04-21,1936-04-28,1936-02-07,1936-05-13
452,1936-05-20,1936-05-27,1936-03-07,1936-06-12
453,1936-06-18,1936-06-26,1936-04-06,1936-07-11
454,1936-07-18,1936-07-26,1936-05-06,1936-08-09
455,1936-08-16,1936-08-24,1936-06-04,1936-09-07
456,1936-09-15,1936-09-23,1936-07-04,1936-10-07
457,1936-10-15,1936-10-23,1936-08-02,1936-11-05
458,1936-11-13,1936-11-21,1936-09-01,1936-12-05
459,1936-12-13,1936-12-21,1936-09-30,1937-01-04
460,1937-01-12,1937-01-19,1936-10-29,1937-02-03
461,1937-02-10,1937-02-17,1936-11-28,1937-03-05
462,1937-03-12,1937-03-19,1936-12-27,1937-04-03
463,1937-04-10,1937-04-17,1937-01-26,1937-05-03
464,1937-05-10,1937-05-16,1937-02-24,1937-06-01
465,1937-06-08,1937-06-15,1937-03-26,1937-07-01
466,1937-07-07,1937-07-15,1937-04-25,1937-07-30
467,1937-08-06,1937-08-13,1937-05-24,1937-08-28
468,1937-09-04,1937-09-12,1937-06-23,1937-09-26
469,1937-10-04,1937-10-12,1937-07-23,1937-10-26
470,1937-11-02,1937-11-11,1937-08-21,1937-11-24
471,1937-12-02,1937-12-10,1937-09-20,1937-12-24
472,1938-01-01,1938-01-09,1937-10-19,1938-01-23
473,1938-01-31,1938-02-07,1937-11-18,1938-02-21
474,1938-03-01,1938-03-09,1937-12-17,1938-03-23
475,1938-03-31,1938-04-07,1938-01-15,1938-04-22
476,1938-04-29,1938-05-06,1938-02-14,1938-05-22
477,1938-05-29,1938-06-04,1938-03-15,1938-06-20
478,1938-06-27,1938-07-04,1938-04-14,1938-07-20
479,1938-07-26,1938-08-02,1938-05-14,1938-08-18
480,1938-08-25,1938-09-01,1938-06-12,1938-09-16
481,1938-09-23,1938-10-01,1938-07-12,1938-10-16
482,1938-10-23,1938-10-30,1938-08-10,1938-11-14
483,1938-11-21,1938-11-29,1938-09-09,1938-12-13
484,1938-12-21,1938-12-29,1938-10-09,1939-01-12
485,1939-01-20,1939-01-28,1938-11-07,1939-02-10
486,1939-02-19,1939-02-26,1938-12-07,1939-03-12
487,1939-03-20,1939-03-28,1939-01-05,1939-04-11
488,1939-04-19,1939-04-26,1939-02-03,1939-05-11
489,1939-05-18,1939-05-25,1939-03-05,1939-06-09
490,1939-06-17,1939-06-23,1939-04-03,1939-07-09
491,1939-07-16,1939-07-23,1939-05-03,1939-08-08
492,1939-08-14,1939-08-21,1939-06-01,1939-09-06
493,1939-09-13,1939-09-20,1939-07-01,1939-10-05
494,1939-10-12,1939-10-19,1939-07-30,1939-11-04
495,1939-11-10,1939-11-18,1939-08-29,1939-12-03
496,1939-12-10,1939-12-18,1939-09-28,1940-01-01
497,1940-01-09,1940-01-17,1939-10-27,1940-01-31
498,1940-02-07,1940-02-16,1939-11-26,1940-02-29
499,1940-03-08,1940-03-16,1939-12-26,1940-03-30
500,1940-04-07,1940-04-15,1940-01-24,1940-04-28
501,1940-05-07,1940-05-14,1940-02-23,1940-05-28
502,1940-06-05,1940-06-12,1940-03-23,1940-06-27
503,1940-07-05,1940-07-11,1940-04-21,1940-07-27
504,1940-08-03,1940-08-10,1940-05-21,1940-08-25
505,1940-09-01,1940-09-08,1940-06-19,1940-09-24
506,1940-10-01,1940-10-07,1940-07-19,1940-10-23
507,1940-10-30,1940-11-06,1940-08-17,1940-11-22
508,1940-11-29,1940-12-06,1940-09-16,1940-12-21
509,1940-12-28,1941-01-05,1940-10-16,1941-01-20
510,1941-01-27,1941-02-04,1940-11-14,1941-02-18
511,1941-02-25,1941-03-05,1940-12-14,1941-03-19
512,1941-03-27,1941-04-04,1941-01-13,1941-04-18
513,1941-04-26,1941-05-04,1941-02-11,1941-05-17
514,1941-05-25,1941-06-02,1941-03-13,1941-06-16
515,1941-06-24,1941-07-01,1941-04-11,1941-07-16
516,1941-07-23,1941-07-31,1941-05-10,1941-08-14
517,1941-08-22,1941-08-29,1941-06-09,1941-09-13
518,1941-09-20,1941-09-27,1941-07-08,1941-10-13
519,1941-10-20,1941-10-26,1941-08-06,1941-11-11
520,1941-11-18,1941-11-25,1941-09-05,1941-12-11
521,1941-12-18,1941-12-25,1941-10-05,1942-01-09
522,1942-01-16,1942-01-23,1941-11-03,1942-02-08
523,1942-02-15,1942-02-22,1941-12-03,1942-03-09
524,1942-03-16,1942-03-24,1942-01-02,1942-04-07
525,1942-04-15,1942-04-23,1942-02-01,1942-05-07
526,1942-05-14,1942-05-23,1942-03-02,1942-06-05
527,1942-06-13,1942-06-21,1942-04-01,1942-07-05
528,1942-07-13,1942-07-20,1942-04-30,1942-08-03
529,1942-08-11,1942-08-19,1942-05-29,1942-09-02
530,1942-09-10,1942-09-17,1942-06-28,1942-10-02
531,1942-10-09,1942-10-16,1942-07-27,1942-10-31
532,1942-11-08,1942-11-14,1942-08-25,1942-11-30
533,1942-12-07,1942-12-14,1942-09-24,1942-12-30
534,1943-01-06,1943-01-13,1942-10-23,1943-01-29
535,1943-02-04,1943-02-11,1942-11-22,1943-02-27
536,1943-03-06,1943-03-13,1942-12-22,1943-03-28
537,1943-04-04,1943-04-12,1943-01-21,1943-04-27
538,1943-05-04,1943-05-12,1943-02-19,1943-05-26
539,1943-06-02,1943-06-10,1943-03-21,1943-06-24
540,1943-07-02,1943-07-10,1943-04-20,1943-07-23
541,1943-07-31,1943-08-08,1943-05-19,1943-08-22
542,1943-08-30,1943-09-07,1943-06-17,1943-09-21
543,1943-09-29,1943-10-06,1943-07-17,1943-10-20
544,1943-10-28,1943-11-04,1943-08-15,1943-11-19
545,1943-11-27,1943-12-04,1943-09-13,1943-12-19
546,1943-12-26,1944-01-02,1943-10-13,1944-01-18
547,1944-01-25,1944-02-01,1943-11-11,1944-02-17
548,1944-02-23,1944-03-01,1943-12-11,1944-03-17
549,1944-03-24,1944-03-31,1944-01-10,1944-04-15
550,1944-04-22,1944-04-29,1944-02-08,1944-05-15
551,1944-05-21,1944-05-29,1944-03-09,1944-06-13
552,1944-06-20,1944-06-28,1944-04-08,1944-07-12
553,1944-07-19,1944-07-28,1944-05-08,1944-08-10
554,1944-08-18,1944-08-26,1944-06-06,1944-09-09
555,1944-09-17,1944-09-25,1944-07-05,1944-10-08
556,1944-10-16,1944-10-24,1944-08-04,1944-11-07
557,1944-11-15,1944-11-23,1944-09-02,1944-12-07
558,1944-12-15,1944-12-22,1944-10-01,1945-01-06
559,1945-01-13,1945-01-20,1944-10-31,1945-02-05
560,1945-02-12,1945-02-19,1944-11-29,1945-03-06
561,1945-03-13,1945-03-20,1944-12-29,1945-04-05
562,1945-04-12,1945-04-19,1945-01-27,1945-05-04
563,1945-05-11,1945-05-18,1945-02-26,1945-06-03
564,1945-06-09,1945-06-17,1945-03-28,1945-07-02
565,1945-07-09,1945-07-17,1945-04-27,1945-07-31
566,1945-08-07,1945-08-15,1945-05-26,1945-08-29
567,1945-09-06,1945-09-14,1945-06-25,1945-09-28
568,1945-10-05,1945-10-14,1945-07-24,1945-10-27
569,1945-11-04,1945-11-12,1945-08-23,1945-11-26
570,1945-12-04,1945-12-12,1945-09-21,1945-12-26
571,1946-01-03,1946-01-10,1945-10-20,1946-01-24
572,1946-02-01,1946-02-08,1945-11-19,1946-02-23
573,1946-03-03,1946-03-10,1945-12-18,1946-03-25
574,1946-04-01,1946-04-08,1946-01-17,1946-04-24
575,1946-05-01,1946-05-07,1946-02-15,1946-05-23
576,1946-05-30,1946-06-06,1946-03-17,1946-06-22
577,1946-06-28,1946-07-05,1946-04-16,1946-07-21
578,1946-07-28,1946-08-04,1946-05-15,1946-08-19
579,1946-08-26,1946-09-03,1946-06-14,1946-09-17
580,1946-09-25,1946-10-03,1946-07-14,1946-10-17
581,1946-10-24,1946-11-01,1946-08-12,1946-11-15
582,1946-11-23,1946-12-01,1946-09-11,1946-12-15
583,1946-12-23,1946-12-31,1946-10-10,1947-01-13
584,1947-01-22,1947-01-29,1946-11-08,1947-02-12
585,1947-02-20,1947-02-28,1946-12-08,1947-03-14
586,1947-03-22,1947-03-29,1947-01-06,1947-04-13
587,1947-04-20,1947-04-27,1947-02-05,1947-05-13
588,1947-05-20,1947-05-26,1947-03-06,1947-06-11
589,1947-06-18,1947-06-25,1947-04-05,1947-07-11
590,1947-07-17,1947-07-24,1947-05-04,1947-08-09
591,1947-08-16,1947-08-23,1947-06-03,1947-09-07
592,1947-09-14,1947-09-21,1947-07-03,1947-10-07
593,1947-10-13,1947-10-21,1947-08-01,1947-11-05
594,1947-11-12,1947-11-20,1947-08-31,1947-12-04
595,1947-12-12,1947-12-20,1947-09-29,1948-01-03
596,1948-01-10,1948-01-19,1947-10-29,1948-02-01
597,1948-02-09,1948-02-17,1947-11-28,1948-03-02
598,1948-03-10,1948-03-18,1947-12-27,1948-04-01
599,1948-04-09,1948-04-16,1948-01-25,1948-04-30
600,1948-05-08,1948-05-15,1948-02-24,1948-05-30
601,1948-06-07,1948-06-13,1948-03-24,1948-06-29
602,1948-07-06,1948-07-13,1948-04-23,1948-07-28
603,1948-08-04,1948-08-11,1948-05-22,1948-08-27
604,1948-09-03,1948-09-10,1948-06-21,1948-09-25
605,1948-10-02,1948-10-09,1948-07-20,1948-10-25
606,1948-10-31,1948-11-08,1948-08-19,1948-11-23
607,1948-11-30,1948-12-08,1948-09-18,1948-12-22
608,1948-12-30,1949-01-07,1948-10-17,1949-01-21
609,1949-01-28,1949-02-06,1948-11-16,1949-02-19
610,1949-02-27,1949-03-07,1948-12-16,1949-03-21
611,1949-03-29,1949-04-06,1949-01-14,1949-04-19
612,1949-04-28,1949-05-05,1949-02-13,1949-05-19
613,1949-05-27,1949-06-03,1949-03-14,1949-06-18
614,1949-06-26,1949-07-03,1949-04-12,1949-07-17
615,1949-07-25,1949-08-01,1949-05-12,1949-08-16
616,1949-08-23,1949-08-30,1949-06-10,1949-09-15
617,1949-09-22,1949-09-28,1949-07-09,1949-10-14
618,1949-10-21,1949-10-28,1949-08-08,1949-11-13
619,1949-11-19,1949-11-27,1949-09-07,1949-12-12
620,1949-12-19,1949-12-26,1949-10-06,1950-01-11
621,1950-01-18,1950-01-25,1949-11-05,1950-02-09
622,1950-02-16,1950-02-24,1949-12-05,1950-03-10
623,1950-03-18,1950-03-26,1950-01-03,1950-04-09
624,1950-04-17,1950-04-25,1950-02-02,1950-05-08
625,1950-05-16,1950-05-24,1950-03-04,1950-06-07
626,1950-06-15,1950-06-22,1950-04-02,1950-07-06
627,1950-07-14,1950-07-22,1950-05-01,1950-08-05
628,1950-08-13,1950-08-20,1950-05-31,1950-09-04
629,1950-09-11,1950-09-18,1950-06-29,1950-10-03
630,1950-10-11,1950-10-17,1950-07-28,1950-11-02
631,1950-11-09,1950-11-16,1950-08-27,1950-12-02
632,1950-12-09,1950-12-15,1950-09-25,1951-01-01
633,1951-01-07,1951-01-14,1950-10-25,1951-01-30
634,1951-02-05,1951-02-13,1950-11-24,1951-02-28
635,1951-03-07,1951-03-15,1950-12-24,1951-03-29
636,1951-04-06,1951-04-14,1951-01-22,1951-04-28
637,1951-05-05,1951-05-13,1951-02-21,1951-05-27
638,1951-06-04,1951-06-12,1951-03-23,1951-06-25
639,1951-07-04,1951-07-11,1951-04-21,1951-07-25
640,1951-08-02,1951-08-10,1951-05-20,1951-08-24
641,1951-09-01,1951-09-08,1951-06-19,1951-09-22
642,1951-09-30,1951-10-07,1951-07-18,1951-10-22
643,1951-10-30,1951-11-05,1951-08-16,1951-11-21
644,1951-11-28,1951-12-05,1951-09-15,1951-12-21
645,1951-12-28,1952-01-03,1951-10-14,1952-01-19
646,1952-01-26,1952-02-02,1951-11-13,1952-02-18
647,1952-02-25,1952-03-03,1951-12-13,1952-03-18
648,1952-03-25,1952-04-02,1952-01-11,1952-04-17
649,1952-04-23,1952-05-01,1952-02-10,1952-05-16
650,1952-05-23,1952-05-31,1952-03-11,1952-06-14
651,1952-06-22,1952-06-30,1952-04-10,1952-07-13
652,1952-07-21,1952-07-29,1952-05-09,1952-08-12
653,1952-08-20,1952-08-28,1952-06-07,1952-09-10
654,1952-09-19,1952-09-26,1952-07-07,1952-10-10
655,1952-10-18,1952-10-25,1952-08-05,1952-11-09
656,1952-11-17,1952-11-24,1952-09-03,1952-12-09
657,1952-12-16,1952-12-23,1952-10-03,1953-01-08
658,1953-01-15,1953-01-21,1952-11-01,1953-02-06
659,1953-02-13,1953-02-20,1952-12-01,1953-03-08
660,1953-03-15,1953-03-22,1952-12-31,1953-04-06
661,1953-04-13,1953-04-20,1953-01-29,1953-05-06
662,1953-05-12,1953-05-20,1953-02-28,1953-06-04
663,1953-06-11,1953-06-19,1953-03-30,1953-07-03
664,1953-07-10,1953-07-18,1953-04-28,1953-08-01
665,1953-08-09,1953-08-17,1953-05-28,1953-08-31
666,1953-09-08,1953-09-16,1953-06-26,1953-09-29
667,1953-10-07,1953-10-15,1953-07-26,1953-10-29
668,1953-11-06,1953-11-13,1953-08-24,1953-11-28
669,1953-12-06,1953-12-13,1953-09-22,1953-12-27
670,1954-01-04,1954-01-11,1953-10-22,1954-01-26
671,1954-02-03,1954-02-10,1953-11-20,1954-02-25
672,1954-03-04,1954-03-11,1953-12-20,1954-03-27
673,1954-04-03,1954-04-09,1954-01-18,1954-04-25
674,1954-05-02,1954-05-09,1954-02-17,1954-05-25
675,1954-05-31,1954-06-08,1954-03-19,1954-06-23
676,1954-06-30,1954-07-07,1954-04-17,1954-07-22
677,1954-07-29,1954-08-06,1954-05-17,1954-08-20
678,1954-08-28,1954-09-05,1954-06-16,1954-09-19
679,1954-09-26,1954-10-04,1954-07-15,1954-10-18
680,1954-10-26,1954-11-03,1954-08-14,1954-11-17
681,1954-11-25,1954-12-03,1954-09-12,1954-12-16
682,1954-12-24,1955-01-01,1954-10-11,1955-01-15
683,1955-01-23,1955-01-30,1954-11-10,1955-02-14
684,1955-02-22,1955-03-01,1954-12-09,1955-03-16
685,1955-03-23,1955-03-30,1955-01-08,1955-04-15
686,1955-04-22,1955-04-28,1955-02-06,1955-05-14
687,1955-05-21,1955-05-28,1955-03-08,1955-06-13
688,1955-06-19,1955-06-26,1955-04-06,1955-07-12
689,1955-07-19,1955-07-26,1955-05-06,1955-08-10
690,1955-08-17,1955-08-25,1955-06-05,1955-09-09
691,1955-09-15,1955-09-23,1955-07-04,1955-10-08
692,1955-10-15,1955-10-23,1955-08-03,1955-11-06
693,1955-11-14,1955-11-22,1955-09-02,1955-12-06
694,1955-12-13,1955-12-22,1955-10-01,1956-01-04
695,1956-01-12,1956-01-20,1955-10-30,1956-02-03
696,1956-02-11,1956-02-19,1955-11-29,1956-03-04
697,1956-03-12,1956-03-19,1955-12-28,1956-04-03
698,1956-04-10,1956-04-17,1956-01-27,1956-05-02
699,1956-05-10,1956-05-16,1956-02-25,1956-06-01
700,1956-06-08,1956-06-15,1956-03-26,1956-07-01
701,1956-07-07,1956-07-14,1956-04-24,1956-07-30
702,1956-08-06,1956-08-13,1956-05-24,1956-08-28
703,1956-09-04,1956-09-11,1956-06-22,1956-09-27
704,1956-10-03,1956-10-11,1956-07-22,1956-10-26
705,1956-11-02,1956-11-10,1956-08-21,1956-11-24
706,1956-12-02,1956-12-10,1956-09-19,1956-12-24
707,1957-01-30,1957-01-08,1956-10-19,1957-01-22
708,1957-03-01,1957-02-07,1956-11-17,1957-02-21
709,1957-03-31,1957-03-09,1956-12-17,1957-03-22
710,1957-04-29,1957-04-07,1957-01-15,1957-04-21
711,1957-05-29,1957-05-06,1957-02-14,1957-05-21
712,1957-06-27,1957-06-05,1957-03-15,1957-06-20
713,1957-07-26,1957-07-04,1957-04-14,1957-07-19
714,1957-08-25,1957-08-02,1957-05-13,1957-08-18
715,1957-09-23,1957-08-31,1957-06-12,1957-09-16
716,1957-10-22,1957-09-30,1957-07-11,1957-10-16
717,1957-11-21,1957-10-30,1957-08-10,1957-11-14
718,1957-12-20,1957-11-28,1957-09-08,1957-12-13
719,1958-01-19,1957-12-28,1957-10-08,1958-01-12
720,1958-02-18,1958-01-27,1957-11-07,1958-02-10
721,1958-03-20,1958-02-26,1957-12-06,1958-03-12
722,1958-04-18,1958-03-28,1958-01-05,1958-04-10
723,1958-05-18,1958-04-26,1958-02-04,1958-05-10
724,1958-06-17,1958-05-25,1958-03-05,1958-06-08
725,1958-07-16,1958-06-24,1958-04-03,1958-07-08
726,1958-08-14,1958-07-23,1958-05-03,1958-08-07
727,1958-09-13,1958-08-21,1958-06-01,1958-09-06
728,1958-10-12,1958-09-19,1958-06-30,1958-10-05
729,1958-11-10,1958-10-19,1958-07-30,1958-11-04
730,1958-12-10,1958-11-17,1958-08-28,1958-12-03
731,1959-01-08,1958-12-17,1958-09-27,1958-12-31
732,1959-02-07,1959-01-16,1958-10-27,1959-01-02
733,1959-03-09,1959-02-15,1958-11-26,1959-01-31
734,1959-04-07,1959-03-17,1958-12-25,1959-03-01
735,1959-05-07,1959-04-15,1959-01-24,1959-03-31
736,1959-06-06,1959-05-15,1959-02-23,1959-04-29
737,1959-07-05,1959-06-13,1959-03-24,1959-05-29
738,1959-08-04,1959-07-13,1959-04-22,1959-06-27
739,1959-09-02,1959-08-11,1959-05-22,1959-07-27
740,1959-10-02,1959-09-09,1959-06-20,1959-08-26
741,1959-10-31,1959-10-08,1959-07-19,1959-09-24
742,1959-11-30,1959-11-07,1959-08-18,1959-10-24
743,1959-12-29,1959-12-06,1959-09-16,1959-11-23
744,1960-01-27,1960-01-05,1959-10-16,1959-12-22
745,1960-02-26,1960-02-04,1959-11-15,1960-01-21
746,1960-03-26,1960-03-05,1959-12-14,1960-02-19
747,1960-04-25,1960-04-03,1960-01-13,1960-03-19
748,1960-05-25,1960-05-03,1960-02-12,1960-04-18
749,1960-06-23,1960-06-02,1960-03-13,1960-05-17
750,1960-07-23,1960-07-01,1960-04-11,1960-06-15
751,1960-08-22,1960-07-31,1960-05-10,1960-07-15
752,1960-09-20,1960-08-29,1960-06-09,1960-08-13
753,1960-10-20,1960-09-27,1960-07-08,1960-09-12
754,1960-11-18,1960-10-26,1960-08-06,1960-10-12
755,1960-12-18,1960-11-25,1960-09-05,1960-11-11
756,1961-01-16,1960-12-24,1960-10-04,1960-12-11
757,1961-02-15,1961-01-23,1960-11-03,1961-01-09
758,1961-03-16,1961-02-22,1960-12-02,1961-02-08
759,1961-04-14,1961-03-23,1961-01-01,1961-03-09
760,1961-05-14,1961-04-22,1961-01-31,1961-04-08
761,1961-06-12,1961-05-22,1961-03-02,1961-05-07
762,1961-07-12,1961-06-21,1961-03-31,1961-06-05
763,1961-08-11,1961-07-20,1961-04-30,1961-07-04
764,1961-09-09,1961-08-19,1961-05-29,1961-08-03
765,1961-10-09,1961-09-17,1961-06-28,1961-09-01
766,1961-11-08,1961-10-16,1961-07-27,1961-10-01
767,1961-12-07,1961-11-15,1961-08-25,1961-10-31
768,1962-01-06,1961-12-14,1961-09-24,1961-11-29
769,1962-02-04,1962-01-12,1961-10-23,1961-12-29
770,1962-03-06,1962-02-11,1961-11-22,1962-01-28
771,1962-04-04,1962-03-12,1961-12-21,1962-02-27
772,1962-05-03,1962-04-11,1962-01-20,1962-03-28
773,1962-06-02,1962-05-11,1962-02-19,1962-04-27
774,1962-07-01,1962-06-09,1962-03-20,1962-05-26
775,1962-07-31,1962-07-09,1962-04-19,1962-06-24
776,1962-08-29,1962-08-08,1962-05-19,1962-07-23
777,1962-09-28,1962-09-06,1962-06-17,1962-08-22
778,1962-10-28,1962-10-06,1962-07-17,1962-09-20
779,1962-11-26,1962-11-04,1962-08-15,1962-10-20
780,1962-12-26,1962-12-04,1962-09-13,1962-11-18
781,1963-01-25,1963-01-02,1962-10-13,1962-12-18
782,1963-02-23,1963-02-01,1962-11-11,1963-01-17
783,1963-03-25,1963-03-02,1962-12-11,1963-02-16
784,1963-04-23,1963-03-31,1963-01-09,1963-03-18
785,1963-05-22,1963-04-30,1963-02-08,1963-04-16
786,1963-06-21,1963-05-29,1963-03-09,1963-05-16
787,1963-07-20,1963-06-28,1963-04-08,1963-06-14
788,1963-08-19,1963-07-28,1963-05-08,1963-07-13
789,1963-09-17,1963-08-26,1963-06-07,1963-08-11
790,1963-10-17,1963-09-25,1963-07-06,1963-09-10
791,1963-11-15,1963-10-25,1963-08-05,1963-10-09
792,1963-12-15,1963-11-23,1963-09-03,1963-11-07
793,1964-01-14,1963-12-23,1963-10-02,1963-12-07
794,1964-02-13,1964-01-21,1963-11-01,1964-01-06
795,1964-03-13,1964-02-20,1963-11-30,1964-02-05
796,1964-04-12,1964-03-20,1963-12-30,1964-03-06
797,1964-05-11,1964-04-18,1964-01-28,1964-04-04
798,1964-06-09,1964-05-18,1964-02-27,1964-05-04
799,1964-07-09,1964-06-16,1964-03-27,1964-06-03
800,1964-08-07,1964-07-16,1964-04-26,1964-07-02
801,1964-09-05,1964-08-14,1964-05-26,1964-07-31
802,1964-10-05,1964-09-13,1964-06-24,1964-08-30
803,1964-11-03,1964-10-13,1964-07-24,1964-09-28
804,1964-12-03,1964-11-12,1964-08-22,1964-10-27
805,1965-01-02,1964-12-11,1964-09-21,1964-11-25
806,1965-02-01,1965-01-10,1964-10-20,1964-12-25
807,1965-03-03,1965-02-09,1964-11-19,1965-01-24
808,1965-04-01,1965-03-10,1964-12-18,1965-02-22
809,1965-05-01,1965-04-08,1965-01-17,1965-03-24
810,1965-05-30,1965-05-07,1965-02-15,1965-04-23
811,1965-06-28,1965-06-06,1965-03-17,1965-05-23
812,1965-07-28,1965-07-05,1965-04-15,1965-06-21
813,1965-08-26,1965-08-03,1965-05-15,1965-07-21
814,1965-09-24,1965-09-02,1965-06-13,1965-08-19
815,1965-10-24,1965-10-02,1965-07-13,1965-09-18
816,1965-11-22,1965-11-01,1965-08-12,1965-10-17
817,1965-12-22,1965-11-30,1965-09-10,1965-11-15
818,1966-01-21,1965-12-30,1965-10-10,1965-12-15
819,1966-02-20,1966-01-29,1965-11-08,1966-01-13
820,1966-03-21,1966-02-28,1965-12-08,1966-02-12
821,1966-04-20,1966-03-29,1966-01-06,1966-03-13
822,1966-05-20,1966-04-27,1966-02-05,1966-04-12
823,1966-06-18,1966-05-27,1966-03-06,1966-05-12
824,1966-07-17,1966-06-25,1966-04-05,1966-06-10
825,1966-08-16,1966-07-24,1966-05-04,1966-07-10
826,1966-09-14,1966-08-22,1966-06-03,1966-08-09
827,1966-10-13,1966-09-21,1966-07-02,1966-09-07
828,1966-11-12,1966-10-20,1966-08-01,1966-10-07
829,1966-12-11,1966-11-19,1966-08-30,1966-11-05
830,1967-01-10,1966-12-19,1966-09-29,1966-12-04
831,1967-02-09,1967-01-18,1966-10-29,1967-01-03
832,1967-03-10,1967-02-17,1966-11-27,1967-02-01
833,1967-04-09,1967-03-19,1966-12-27,1967-03-03
834,1967-05-09,1967-04-17,1967-01-25,1967-04-01
835,1967-06-07,1967-05-16,1967-02-24,1967-05-01
836,1967-07-07,1967-06-15,1967-03-25,1967-05-30
837,1967-08-05,1967-07-14,1967-04-24,1967-06-29
838,1967-09-04,1967-08-12,1967-05-23,1967-07-29
839,1967-10-03,1967-09-10,1967-06-21,1967-08-27
840,1967-11-01,1967-10-10,1967-07-21,1967-09-26
841,1967-12-01,1967-11-08,1967-08-19,1967-10-26
842,1967-12-30,1967-12-08,1967-09-18,1967-11-24
843,1968-01-29,1968-01-07,1967-10-18,1967-12-24
844,1968-02-27,1968-02-06,1967-11-16,1968-01-22
845,1968-03-28,1968-03-07,1967-12-16,1968-02-20
846,1968-04-27,1968-04-05,1968-01-15,1968-03-21
847,1968-05-27,1968-05-05,1968-02-13,1968-04-19
848,1968-06-25,1968-06-03,1968-03-14,1968-05-18
849,1968-07-25,1968-07-03,1968-04-12,1968-06-17
850,1968-08-23,1968-08-01,1968-05-12,1968-07-17
851,1968-09-22,1968-08-30,1968-06-10,1968-08-15
852,1968-10-21,1968-09-28,1968-07-09,1968-09-14
853,1968-11-20,1968-10-28,1968-08-08,1968-10-14
854,1968-12-19,1968-11-26,1968-09-06,1968-11-13
855,1969-01-17,1968-12-26,1968-10-06,1968-12-12
856,1969-02-16,1969-01-25,1968-11-04,1969-01-11
857,1969-03-17,1969-02-23,1968-12-04,1969-02-09
858,1969-04-16,1969-03-25,1969-01-03,1969-03-10
859,1969-05-16,1969-04-24,1969-02-02,1969-04-09
860,1969-06-14,1969-05-24,1969-03-03,1969-05-08
861,1969-07-14,1969-06-22,1969-04-02,1969-06-06
862,1969-08-12,1969-07-22,1969-05-01,1969-07-06
863,1969-09-11,1969-08-20,1969-05-31,1969-08-04
864,1969-10-11,1969-09-18,1969-06-29,1969-09-03
865,1969-11-09,1969-10-18,1969-07-28,1969-10-03
866,1969-12-09,1969-11-16,1969-08-27,1969-11-01
867,1970-01-07,1969-12-15,1969-09-25,1969-12-01
868,1970-02-05,1970-01-14,1969-10-25,1969-12-31
869,1970-03-07,1970-02-12,1969-11-23,1970-01-30
870,1970-04-05,1970-03-14,1969-12-23,1970-02-28
871,1970-05-05,1970-04-13,1970-01-22,1970-03-30
872,1970-06-03,1970-05-13,1970-02-21,1970-04-28
873,1970-07-03,1970-06-11,1970-03-22,1970-05-27
874,1970-08-01,1970-07-11,1970-04-21,1970-06-25
875,1970-08-31,1970-08-10,1970-05-20,1970-07-25
876,1970-09-30,1970-09-08,1970-06-19,1970-08-23
877,1970-10-29,1970-10-07,1970-07-18,1970-09-22
878,1970-11-28,1970-11-06,1970-08-16,1970-10-21
879,1970-12-28,1970-12-05,1970-09-15,1970-11-20
880,1971-01-26,1971-01-03,1970-10-14,1970-12-20
881,1971-02-25,1971-02-02,1970-11-12,1971-01-19
882,1971-03-26,1971-03-03,1970-12-12,1971-02-18
883,1971-04-24,1971-04-02,1971-01-11,1971-03-19
884,1971-05-24,1971-05-02,1971-02-09,1971-04-18
885,1971-06-22,1971-05-31,1971-03-11,1971-05-17
886,1971-07-22,1971-06-30,1971-04-10,1971-06-15
887,1971-08-20,1971-07-30,1971-05-10,1971-07-14
888,1971-09-19,1971-08-28,1971-06-08,1971-08-13
889,1971-10-19,1971-09-27,1971-07-08,1971-09-11
890,1971-11-17,1971-10-26,1971-08-06,1971-10-10
891,1971-12-17,1971-11-25,1971-09-04,1971-11-09
892,1972-01-16,1971-12-24,1971-10-04,1971-12-09
893,1972-02-14,1972-01-23,1971-11-02,1972-01-08
894,1972-03-15,1972-02-21,1971-12-01,1972-02-07
895,1972-04-13,1972-03-21,1971-12-31,1972-03-07
896,1972-05-12,1972-04-20,1972-01-30,1972-04-06
897,1972-06-11,1972-05-19,1972-02-28,1972-05-06
898,1972-07-10,1972-06-18,1972-03-29,1972-06-04
899,1972-08-08,1972-07-18,1972-04-28,1972-07-03
900,1972-09-07,1972-08-16,1972-05-27,1972-08-02
901,1972-10-07,1972-09-15,1972-06-26,1972-08-31
902,1972-11-05,1972-10-15,1972-07-26,1972-09-29
903,1972-12-05,1972-11-13,1972-08-24,1972-10-28
904,1973-01-04,1972-12-13,1972-09-22,1972-11-27
905,1973-02-03,1973-01-11,1972-10-22,1972-12-27
906,1973-03-04,1973-02-10,1972-11-20,1973-01-25
907,1973-04-03,1973-03-11,1972-12-20,1973-02-24
908,1973-05-02,1973-04-09,1973-01-18,1973-03-26
909,1973-05-31,1973-05-09,1973-02-17,1973-04-25
910,1973-06-30,1973-06-07,1973-03-18,1973-05-25
911,1973-07-29,1973-07-07,1973-04-17,1973-06-23
912,1973-08-27,1973-08-05,1973-05-16,1973-07-22
913,1973-09-26,1973-09-04,1973-06-15,1973-08-21
914,1973-10-25,1973-10-04,1973-07-15,1973-09-19
915,1973-11-24,1973-11-02,1973-08-13,1973-10-18
916,1973-12-24,1973-12-02,1973-09-12,1973-11-16
917,1974-01-23,1974-01-01,1973-10-11,1973-12-16
918,1974-02-21,1974-01-31,1973-11-10,1974-01-15
919,1974-03-23,1974-03-01,1973-12-09,1974-02-13
920,1974-04-22,1974-03-30,1974-01-08,1974-03-15
921,1974-05-21,1974-04-29,1974-02-06,1974-04-14
922,1974-06-19,1974-05-28,1974-03-08,1974-05-14
923,1974-07-19,1974-06-26,1974-04-06,1974-06-12
924,1974-08-17,1974-07-25,1974-05-06,1974-07-12
925,1974-09-15,1974-08-24,1974-06-04,1974-08-10
926,1974-10-15,1974-09-23,1974-07-04,1974-09-09
927,1974-11-13,1974-10-22,1974-08-02,1974-10-08
928,1974-12-13,1974-11-21,1974-09-01,1974-11-06
929,1975-01-12,1974-12-21,1974-10-01,1974-12-06
930,1975-02-10,1975-01-20,1974-10-30,1975-01-04
931,1975-03-12,1975-02-18,1974-11-29,1975-02-02
932,1975-04-11,1975-03-20,1974-12-28,1975-03-04
933,1975-05-11,1975-04-18,1975-01-27,1975-04-03
934,1975-06-09,1975-05-18,1975-02-25,1975-05-02
935,1975-07-08,1975-06-16,1975-03-27,1975-06-01
936,1975-08-07,1975-07-15,1975-04-25,1975-07-01
937,1975-09-05,1975-08-13,1975-05-24,1975-07-31
938,1975-10-04,1975-09-12,1975-06-23,1975-08-29
939,1975-11-03,1975-10-11,1975-07-22,1975-09-28
940,1975-12-02,1975-11-10,1975-08-21,1975-10-27
941,1976-01-01,1975-12-10,1975-09-20,1975-11-25
942,1976-01-30,1976-01-09,1975-10-19,1975-12-25
943,1976-02-29,1976-02-08,1975-11-18,1976-01-23
944,1976-03-30,1976-03-08,1975-12-18,1976-02-22
945,1976-04-29,1976-04-07,1976-01-16,1976-03-22
946,1976-05-28,1976-05-06,1976-02-15,1976-04-20
947,1976-06-27,1976-06-05,1976-03-15,1976-05-20
948,1976-07-26,1976-07-04,1976-04-14,1976-06-19
949,1976-08-25,1976-08-02,1976-05-13,1976-07-18
950,1976-09-23,1976-08-31,1976-06-11,1976-08-17
951,1976-10-22,1976-09-30,1976-07-11,1976-09-16
952,1976-11-21,1976-10-29,1976-08-09,1976-10-16
953,1976-12-20,1976-11-28,1976-09-08,1976-11-14
954,1977-01-19,1976-12-27,1976-10-07,1976-12-14
955,1977-02-17,1977-01-26,1976-11-06,1977-01-12
956,1977-03-19,1977-02-25,1976-12-06,1977-02-10
957,1977-04-18,1977-03-27,1977-01-05,1977-03-12
958,1977-05-17,1977-04-26,1977-02-03,1977-04-10
959,1977-06-16,1977-05-25,1977-03-05,1977-05-09
960,1977-07-16,1977-06-24,1977-04-03,1977-06-08
961,1977-08-14,1977-07-23,1977-05-03,1977-07-07
962,1977-09-13,1977-08-21,1977-06-01,1977-08-06
963,1977-10-12,1977-09-19,1977-06-30,1977-09-05
964,1977-11-10,1977-10-19,1977-07-30,1977-10-05
965,1977-12-10,1977-11-17,1977-08-28,1977-11-03
966,1978-01-08,1977-12-17,1977-09-27,1977-12-03
967,1978-02-07,1978-01-15,1977-10-26,1978-01-02
968,1978-03-08,1978-02-14,1977-11-25,1978-01-31
969,1978-04-07,1978-03-16,1977-12-25,1978-03-02
970,1978-05-06,1978-04-15,1978-01-23,1978-03-31
971,1978-06-05,1978-05-15,1978-02-22,1978-04-29
972,1978-07-05,1978-06-13,1978-03-24,1978-05-28
973,1978-08-03,1978-07-13,1978-04-22,1978-06-27
974,1978-09-02,1978-08-11,1978-05-22,1978-07-26
975,1978-10-01,1978-09-09,1978-06-20,1978-08-25
976,1978-10-31,1978-10-09,1978-07-19,1978-09-23
977,1978-11-30,1978-11-07,1978-08-18,1978-10-23
978,1978-12-29,1978-12-06,1978-09-16,1978-11-22
979,1979-01-27,1979-01-05,1978-10-15,1978-12-22
980,1979-02-26,1979-02-03,1978-11-14,1979-01-21
981,1979-03-27,1979-03-05,1978-12-14,1979-02-19
982,1979-04-26,1979-04-04,1979-01-12,1979-03-21
983,1979-05-25,1979-05-03,1979-02-11,1979-04-19
984,1979-06-24,1979-06-02,1979-03-13,1979-05-18
985,1979-07-23,1979-07-02,1979-04-12,1979-06-16
986,1979-08-22,1979-07-31,1979-05-11,1979-07-16
987,1979-09-21,1979-08-30,1979-06-10,1979-08-14
988,1979-10-20,1979-09-28,1979-07-09,1979-09-12
989,1979-11-19,1979-10-28,1979-08-07,1979-10-12
990,1979-12-19,1979-11-26,1979-09-06,1979-11-11
991,1980-01-17,1979-12-25,1979-10-05,1979-12-11
992,1980-02-16,1980-01-24,1979-11-03,1980-01-10
993,1980-03-16,1980-02-22,1979-12-03,1980-02-08
994,1980-04-14,1980-03-23,1980-01-02,1980-03-09
995,1980-05-14,1980-04-21,1980-01-31,1980-04-08
996,1980-06-12,1980-05-21,1980-03-01,1980-05-07
997,1980-07-11,1980-06-20,1980-03-31,1980-06-05
998,1980-08-10,1980-07-19,1980-04-30,1980-07-05
999,1980-09-09,1980-08-18,1980-05-29,1980-08-03
1000,1980-10-08,1980-09-17,1980-06-28,1980-09-01
1001,1980-11-07,1980-10-16,1980-07-27,1980-09-30
1002,1980-12-07,1980-11-15,1980-08-25,1980-10-30
1003,1981-01-05,1980-12-14,1980-09-24,1980-11-29
1004,1981-02-04,1981-01-13,1980-10-23,1980-12-28
1005,1981-03-06,1981-02-11,1980-11-21,1981-01-27
1006,1981-04-04,1981-03-12,1980-12-21,1981-02-26
1007,1981-05-03,1981-04-11,1981-01-19,1981-03-28
1008,1981-06-02,1981-05-10,1981-02-18,1981-04-27
1009,1981-07-01,1981-06-09,1981-03-20,1981-05-26
1010,1981-07-30,1981-07-08,1981-04-18,1981-06-24
1011,1981-08-29,1981-08-07,1981-05-18,1981-07-24
1012,1981-09-27,1981-09-06,1981-06-17,1981-08-22
1013,1981-10-27,1981-10-06,1981-07-16,1981-09-20
1014,1981-11-26,1981-11-04,1981-08-15,1981-10-19
1015,1981-12-26,1981-12-04,1981-09-13,1981-11-18
1016,1982-01-24,1982-01-02,1981-10-13,1981-12-17
1017,1982-02-23,1982-02-01,1981-11-11,1982-01-16
1018,1982-03-25,1982-03-02,1981-12-11,1982-02-15
1019,1982-04-23,1982-03-31,1982-01-09,1982-03-17
1020,1982-05-22,1982-04-30,1982-02-07,1982-04-16
1021,1982-06-21,1982-05-29,1982-03-09,1982-05-15
1022,1982-07-20,1982-06-27,1982-04-08,1982-06-14
1023,1982-08-18,1982-07-27,1982-05-07,1982-07-13
1024,1982-09-17,1982-08-26,1982-06-06,1982-08-12
1025,1982-10-16,1982-09-24,1982-07-06,1982-09-10
1026,1982-11-15,1982-10-24,1982-08-04,1982-10-09
1027,1982-12-15,1982-11-23,1982-09-03,1982-11-07
1028,1983-01-13,1982-12-23,1982-10-02,1982-12-07
1029,1983-02-12,1983-01-21,1982-11-01,1983-01-05
1030,1983-03-14,1983-02-20,1982-11-30,1983-02-04
1031,1983-04-13,1983-03-21,1982-12-30,1983-03-06
1032,1983-05-12,1983-04-20,1983-01-28,1983-04-05
1033,1983-06-10,1983-05-19,1983-02-27,1983-05-04
1034,1983-07-10,1983-06-17,1983-03-28,1983-06-03
1035,1983-08-08,1983-07-16,1983-04-26,1983-07-03
1036,1983-09-06,1983-08-15,1983-05-26,1983-08-01
1037,1983-10-06,1983-09-13,1983-06-25,1983-08-31
1038,1983-11-04,1983-10-13,1983-07-24,1983-09-29
1039,1983-12-04,1983-11-12,1983-08-23,1983-10-28
1040,1984-01-02,1983-12-12,1983-09-21,1983-11-27
1041,1984-02-01,1984-01-11,1983-10-21,1983-12-26
1042,1984-03-02,1984-02-09,1983-11-20,1984-01-24
1043,1984-04-01,1984-03-10,1983-12-19,1984-02-23
1044,1984-04-30,1984-04-08,1984-01-18,1984-03-23
1045,1984-05-30,1984-05-08,1984-02-16,1984-04-22
1046,1984-06-28,1984-06-06,1984-03-17,1984-05-22
1047,1984-07-28,1984-07-05,1984-04-15,1984-06-21
1048,1984-08-26,1984-08-03,1984-05-14,1984-07-20
1049,1984-09-24,1984-09-02,1984-06-13,1984-08-19
1050,1984-10-24,1984-10-01,1984-07-12,1984-09-18
1051,1984-11-22,1984-10-31,1984-08-11,1984-10-17
1052,1984-12-22,1984-11-30,1984-09-10,1984-11-15
1053,1985-01-20,1984-12-29,1984-10-09,1984-12-15
1054,1985-02-19,1985-01-28,1984-11-08,1985-01-13
1055,1985-03-21,1985-02-27,1984-12-08,1985-02-11
1056,1985-04-19,1985-03-29,1985-01-06,1985-03-13
1057,1985-05-19,1985-04-27,1985-02-05,1985-04-11
1058,1985-06-18,1985-05-27,1985-03-06,1985-05-11
1059,1985-07-17,1985-06-25,1985-04-05,1985-06-10
1060,1985-08-16,1985-07-24,1985-05-04,1985-07-09
1061,1985-09-14,1985-08-22,1985-06-02,1985-08-08
1062,1985-10-13,1985-09-21,1985-07-02,1985-09-07
1063,1985-11-12,1985-10-20,1985-07-31,1985-10-06
1064,1985-12-11,1985-11-19,1985-08-30,1985-11-05
1065,1986-01-10,1985-12-18,1985-09-28,1985-12-05
1066,1986-02-08,1986-01-17,1985-10-28,1986-01-03
1067,1986-03-10,1986-02-16,1985-11-27,1986-02-01
1068,1986-04-08,1986-03-18,1985-12-26,1986-03-03
1069,1986-05-08,1986-04-17,1986-01-25,1986-04-01
1070,1986-06-07,1986-05-16,1986-02-24,1986-04-30
1071,1986-07-06,1986-06-15,1986-03-25,1986-05-30
1072,1986-08-05,1986-07-14,1986-04-24,1986-06-28
1073,1986-09-04,1986-08-12,1986-05-23,1986-07-28
1074,1986-10-03,1986-09-11,1986-06-21,1986-08-27
1075,1986-11-01,1986-10-10,1986-07-21,1986-09-25
1076,1986-12-01,1986-11-08,1986-08-19,1986-10-25
1077,1986-12-30,1986-12-08,1986-09-17,1986-11-24
1078,1987-01-29,1987-01-06,1986-10-17,1986-12-24
1079,1987-02-27,1987-02-05,1986-11-16,1987-01-22
1080,1987-03-29,1987-03-07,1986-12-15,1987-02-21
1081,1987-04-27,1987-04-06,1987-01-14,1987-03-22
1082,1987-05-27,1987-05-05,1987-02-13,1987-04-20
1083,1987-06-25,1987-06-04,1987-03-15,1987-05-19
1084,1987-07-25,1987-07-04,1987-04-13,1987-06-18
1085,1987-08-24,1987-08-02,1987-05-13,1987-07-17
1086,1987-09-22,1987-08-31,1987-06-11,1987-08-16
1087,1987-10-22,1987-09-30,1987-07-10,1987-09-14
1088,1987-11-20,1987-10-29,1987-08-09,1987-10-14
1089,1987-12-20,1987-11-27,1987-09-07,1987-11-13
1090,1988-01-18,1987-12-27,1987-10-06,1987-12-13
1091,1988-02-17,1988-01-25,1987-11-05,1988-01-11
1092,1988-03-17,1988-02-24,1987-12-05,1988-02-10
1093,1988-04-16,1988-03-24,1988-01-03,1988-03-11
1094,1988-05-15,1988-04-23,1988-02-02,1988-04-09
1095,1988-06-14,1988-05-23,1988-03-03,1988-05-08
1096,1988-07-13,1988-06-22,1988-04-02,1988-06-06
1097,1988-08-12,1988-07-21,1988-05-01,1988-07-06
1098,1988-09-10,1988-08-20,1988-05-31,1988-08-04
1099,1988-10-10,1988-09-18,1988-06-29,1988-09-02
1100,1988-11-09,1988-10-18,1988-07-28,1988-10-02
1101,1988-12-08,1988-11-16,1988-08-27,1988-11-01
1102,1989-01-07,1988-12-15,1988-09-25,1988-11-30
1103,1989-02-05,1989-01-14,1988-10-24,1988-12-30
1104,1989-03-07,1989-02-12,1988-11-23,1989-01-29
1105,1989-04-05,1989-03-14,1988-12-22,1989-02-28
1106,1989-05-05,1989-04-12,1989-01-21,1989-03-30
1107,1989-06-03,1989-05-12,1989-02-20,1989-04-28
1108,1989-07-02,1989-06-10,1989-03-22,1989-05-27
1109,1989-08-01,1989-07-10,1989-04-20,1989-06-26
1110,1989-08-30,1989-08-09,1989-05-20,1989-07-25
1111,1989-09-29,1989-09-08,1989-06-18,1989-08-23
1112,1989-10-29,1989-10-07,1989-07-18,1989-09-21
1113,1989-11-28,1989-11-06,1989-08-16,1989-10-21
1114,1989-12-27,1989-12-05,1989-09-15,1989-11-19
1115,1990-01-26,1990-01-04,1989-10-14,1989-12-19
1116,1990-02-25,1990-02-02,1989-11-12,1990-01-18
1117,1990-03-26,1990-03-03,1989-12-12,1990-02-17
1118,1990-04-24,1990-04-02,1990-01-10,1990-03-19
1119,1990-05-24,1990-05-01,1990-02-09,1990-04-18
1120,1990-06-22,1990-05-31,1990-03-11,1990-05-17
1121,1990-07-21,1990-06-29,1990-04-09,1990-06-15
1122,1990-08-20,1990-07-29,1990-05-09,1990-07-15
1123,1990-09-18,1990-08-28,1990-06-08,1990-08-13
1124,1990-10-18,1990-09-26,1990-07-07,1990-09-11
1125,1990-11-17,1990-10-26,1990-08-06,1990-10-10
1126,1990-12-16,1990-11-25,1990-09-04,1990-11-09
1127,1991-01-15,1990-12-24,1990-10-04,1990-12-08
1128,1991-02-14,1991-01-23,1990-11-02,1991-01-07
1129,1991-03-16,1991-02-21,1990-12-01,1991-02-06
1130,1991-04-14,1991-03-22,1990-12-31,1991-03-08
1131,1991-05-13,1991-04-21,1991-01-29,1991-04-06
1132,1991-06-12,1991-05-20,1991-02-28,1991-05-06
1133,1991-07-11,1991-06-18,1991-03-29,1991-06-05
1134,1991-08-09,1991-07-18,1991-04-28,1991-07-04
1135,1991-09-08,1991-08-16,1991-05-28,1991-08-03
1136,1991-10-07,1991-09-15,1991-06-26,1991-09-01
1137,1991-11-06,1991-10-15,1991-07-26,1991-09-30
1138,1991-12-05,1991-11-14,1991-08-25,1991-10-29
1139,1992-01-04,1991-12-14,1991-09-23,1991-11-28
1140,1992-02-03,1992-01-12,1991-10-23,1991-12-27
1141,1992-03-04,1992-02-11,1991-11-21,1992-01-26
1142,1992-04-02,1992-03-11,1991-12-21,1992-02-24
1143,1992-05-02,1992-04-10,1992-01-19,1992-03-25
1144,1992-05-31,1992-05-09,1992-02-18,1992-04-24
1145,1992-06-30,1992-06-07,1992-03-18,1992-05-24
1146,1992-07-29,1992-07-06,1992-04-16,1992-06-23
1147,1992-08-27,1992-08-05,1992-05-16,1992-07-22
1148,1992-09-26,1992-09-03,1992-06-14,1992-08-21
1149,1992-10-25,1992-10-03,1992-07-14,1992-09-19
1150,1992-11-24,1992-11-02,1992-08-13,1992-10-18
1151,1992-12-23,1992-12-01,1992-09-11,1992-11-17
1152,1993-01-22,1993-01-30,1992-10-11,1992-12-16
1153,1993-02-21,1993-03-01,1992-11-10,1993-01-14
1154,1993-03-22,1993-03-30,1992-12-09,1993-02-13
1155,1993-04-21,1993-04-29,1993-01-08,1993-03-14
1156,1993-05-21,1993-05-28,1993-02-06,1993-04-13
1157,1993-06-19,1993-06-26,1993-03-08,1993-05-13
1158,1993-07-19,1993-07-25,1993-04-06,1993-06-11
1159,1993-08-17,1993-08-24,1993-05-05,1993-07-11
1160,1993-09-15,1993-09-22,1993-06-04,1993-08-10
1161,1993-10-15,1993-10-22,1993-07-03,1993-09-08
1162,1993-11-13,1993-11-20,1993-08-02,1993-10-08
1163,1993-12-13,1993-12-20,1993-08-31,1993-11-06
1164,1994-01-11,1993-12-31,1993-09-30,1993-12-06
1165,1994-02-10,1994-01-19,1993-10-30,1994-01-04
1166,1994-03-11,1994-02-18,1993-11-28,1994-02-03
1167,1994-04-10,1994-03-20,1993-12-28,1994-03-04
1168,1994-05-10,1994-04-18,1994-01-27,1994-04-02
1169,1994-06-09,1994-05-18,1994-02-25,1994-05-02
1170,1994-07-08,1994-06-16,1994-03-27,1994-05-31
1171,1994-08-07,1994-07-15,1994-04-25,1994-06-30
1172,1994-09-05,1994-08-13,1994-05-24,1994-07-30
1173,1994-10-04,1994-09-12,1994-06-23,1994-08-28
1174,1994-11-03,1994-10-11,1994-07-22,1994-09-27
1175,1994-12-02,1994-11-09,1994-08-20,1994-10-27
1176,1995-01-01,1994-12-09,1994-09-19,1994-11-25
1177,1995-01-30,1995-01-08,1994-10-19,1994-12-25
1178,1995-03-01,1995-02-07,1994-11-17,1995-01-23
1179,1995-03-30,1995-03-09,1994-12-17,1995-02-22
1180,1995-04-29,1995-04-07,1995-01-16,1995-03-23
1181,1995-05-29,1995-05-07,1995-02-15,1995-04-21
1182,1995-06-27,1995-06-06,1995-03-16,1995-05-21
1183,1995-07-27,1995-07-05,1995-04-15,1995-06-19
1184,1995-08-25,1995-08-03,1995-05-14,1995-07-19
1185,1995-09-24,1995-09-02,1995-06-12,1995-08-17
1186,1995-10-23,1995-10-01,1995-07-12,1995-09-16
1187,1995-11-22,1995-10-30,1995-08-10,1995-10-16
1188,1995-12-21,1995-11-28,1995-09-08,1995-11-15
1189,1996-01-20,1995-12-28,1995-10-08,1995-12-14
1190,1996-02-18,1996-01-27,1995-11-06,1996-01-13
1191,1996-03-19,1996-02-25,1995-12-06,1996-02-12
1192,1996-04-17,1996-03-26,1996-01-05,1996-03-12
1193,1996-05-17,1996-04-25,1996-02-04,1996-04-10
1194,1996-06-15,1996-05-25,1996-03-05,1996-05-09
1195,1996-07-15,1996-06-23,1996-04-03,1996-06-08
1196,1996-08-14,1996-07-23,1996-05-03,1996-07-07
1197,1996-09-12,1996-08-21,1996-06-01,1996-08-05
1198,1996-10-12,1996-09-20,1996-06-30,1996-09-04
1199,1996-11-10,1996-10-19,1996-07-30,1996-10-04
1200,1996-12-10,1996-11-17,1996-08-28,1996-11-02
1201,1997-01-08,1996-12-17,1996-09-26,1996-12-02
1202,1997-02-07,1997-01-15,1996-10-26,1997-01-01
1203,1997-03-08,1997-02-14,1996-11-24,1997-01-31
1204,1997-04-07,1997-03-15,1996-12-24,1997-03-02
1205,1997-05-06,1997-04-14,1997-01-23,1997-03-31
1206,1997-06-05,1997-05-14,1997-02-22,1997-04-29
1207,1997-07-04,1997-06-12,1997-03-23,1997-05-29
1208,1997-08-03,1997-07-12,1997-04-22,1997-06-27
1209,1997-09-01,1997-08-11,1997-05-22,1997-07-26
1210,1997-10-01,1997-09-09,1997-06-20,1997-08-24
1211,1997-10-31,1997-10-09,1997-07-19,1997-09-23
1212,1997-11-29,1997-11-07,1997-08-18,1997-10-22
1213,1997-12-29,1997-12-06,1997-09-16,1997-11-21
1214,1998-01-27,1998-01-05,1997-10-15,1997-12-21
1215,1998-02-26,1998-02-03,1997-11-14,1998-01-20
1216,1998-03-27,1998-03-05,1997-12-13,1998-02-19
1217,1998-04-26,1998-04-03,1998-01-12,1998-03-20
1218,1998-05-25,1998-05-03,1998-02-11,1998-04-19
1219,1998-06-23,1998-06-01,1998-03-12,1998-05-18
1220,1998-07-23,1998-07-01,1998-04-11,1998-06-17
1221,1998-08-21,1998-07-31,1998-05-11,1998-07-16
1222,1998-09-20,1998-08-29,1998-06-09,1998-08-14
1223,1998-10-20,1998-09-28,1998-07-09,1998-09-12
1224,1998-11-18,1998-10-28,1998-08-07,1998-10-12
1225,1998-12-18,1998-11-26,1998-09-06,1998-11-10
1226,1999-01-17,1998-12-26,1998-10-05,1998-12-10
1227,1999-02-15,1999-01-24,1998-11-03,1999-01-09
1228,1999-03-17,1999-02-22,1998-12-03,1999-02-08
1229,1999-04-15,1999-03-24,1999-01-01,1999-03-10
1230,1999-05-15,1999-04-22,1999-01-31,1999-04-08
1231,1999-06-13,1999-05-21,1999-03-01,1999-05-08
1232,1999-07-12,1999-06-20,1999-03-31,1999-06-06
1233,1999-08-11,1999-07-20,1999-04-30,1999-07-06
1234,1999-09-09,1999-08-18,1999-05-29,1999-08-04
1235,1999-10-09,1999-09-17,1999-06-28,1999-09-02
1236,1999-11-07,1999-10-17,1999-07-28,1999-10-01
1237,1999-12-07,1999-11-16,1999-08-26,1999-10-31
1238,2000-01-06,1999-12-15,1999-09-25,1999-11-29
1239,2000-02-05,2000-01-14,1999-10-24,1999-12-29
1240,2000-03-05,2000-02-12,1999-11-22,2000-01-27
1241,2000-04-04,2000-03-12,1999-12-22,2000-02-26
1242,2000-05-03,2000-04-11,2000-01-20,2000-03-27
1243,2000-06-02,2000-05-10,2000-02-19,2000-04-26
1244,2000-07-01,2000-06-08,2000-03-19,2000-05-26
1245,2000-07-30,2000-07-08,2000-04-18,2000-06-24
1246,2000-08-29,2000-08-06,2000-05-18,2000-07-24
1247,2000-09-27,2000-09-05,2000-06-16,2000-08-22
1248,2000-10-27,2000-10-05,2000-07-16,2000-09-20
1249,2000-11-25,2000-11-03,2000-08-14,2000-10-20
1250,2000-12-25,2000-12-03,2000-09-13,2000-11-18
1251,2001-01-24,2001-01-02,2000-10-13,2000-12-17
1252,2001-02-23,2001-02-01,2000-11-11,2001-01-16
1253,2001-03-24,2001-03-02,2000-12-11,2001-02-14
1254,2001-04-23,2001-04-01,2001-01-09,2001-03-16
1255,2001-05-22,2001-04-30,2001-02-07,2001-04-15
1256,2001-06-21,2001-05-29,2001-03-09,2001-05-15
1257,2001-07-20,2001-06-27,2001-04-07,2001-06-13
1258,2001-08-18,2001-07-27,2001-05-07,2001-07-13
1259,2001-09-17,2001-08-25,2001-06-05,2001-08-12
1260,2001-10-16,2001-09-24,2001-07-05,2001-09-10
1261,2001-11-14,2001-10-23,2001-08-03,2001-10-09
1262,2001-12-14,2001-11-22,2001-09-02,2001-11-08
1263,2002-01-13,2001-12-22,2001-10-02,2001-12-07
1264,2002-02-11,2002-01-21,2001-10-31,2002-01-05
1265,2002-03-13,2002-02-20,2001-11-30,2002-02-04
1266,2002-04-12,2002-03-21,2001-12-30,2002-03-05
1267,2002-05-12,2002-04-20,2002-01-28,2002-04-04
1268,2002-06-10,2002-05-19,2002-02-27,2002-05-04
1269,2002-07-10,2002-06-17,2002-03-28,2002-06-02
1270,2002-08-08,2002-07-16,2002-04-26,2002-07-02
1271,2002-09-06,2002-08-15,2002-05-26,2002-08-01
1272,2002-10-06,2002-09-13,2002-06-24,2002-08-30
1273,2002-11-04,2002-10-12,2002-07-24,2002-09-29
1274,2002-12-03,2002-11-11,2002-08-22,2002-10-28
1275,2003-01-02,2002-12-11,2002-09-21,2002-11-27
1276,2003-02-01,2003-01-10,2002-10-21,2002-12-26
1277,2003-03-02,2003-02-09,2002-11-19,2003-01-25
1278,2003-04-01,2003-03-10,2002-12-19,2003-02-23
1279,2003-05-01,2003-04-09,2003-01-18,2003-03-24
1280,2003-05-30,2003-05-09,2003-02-16,2003-04-23
1281,2003-06-29,2003-06-07,2003-03-18,2003-05-22
1282,2003-07-28,2003-07-06,2003-04-16,2003-06-21
1283,2003-08-27,2003-08-05,2003-05-15,2003-07-21
1284,2003-09-25,2003-09-03,2003-06-14,2003-08-19
1285,2003-10-25,2003-10-02,2003-07-13,2003-09-18
1286,2003-11-23,2003-10-31,2003-08-11,2003-10-18
1287,2003-12-23,2003-11-30,2003-09-10,2003-11-16
1288,2004-01-21,2003-12-30,2003-10-10,2003-12-16
1289,2004-02-20,2004-01-28,2003-11-08,2004-01-14
1290,2004-03-20,2004-02-27,2003-12-08,2004-02-13
1291,2004-04-19,2004-03-28,2004-01-07,2004-03-13
1292,2004-05-18,2004-04-27,2004-02-06,2004-04-11
1293,2004-06-17,2004-05-27,2004-03-06,2004-05-11
1294,2004-07-17,2004-06-25,2004-04-05,2004-06-09
1295,2004-08-15,2004-07-24,2004-05-04,2004-07-09
1296,2004-09-14,2004-08-23,2004-06-02,2004-08-07
1297,2004-10-13,2004-09-21,2004-07-02,2004-09-06
1298,2004-11-12,2004-10-20,2004-07-31,2004-10-06
1299,2004-12-11,2004-11-18,2004-08-29,2004-11-04
1300,2005-01-10,2004-12-18,2004-09-28,2004-12-04
1301,2005-02-08,2005-01-16,2004-10-27,2005-01-03
1302,2005-03-10,2005-02-15,2004-11-26,2005-02-01
1303,2005-04-08,2005-03-17,2004-12-26,2005-03-03
1304,2005-05-08,2005-04-16,2005-01-25,2005-04-01
1305,2005-06-06,2005-05-16,2005-02-23,2005-04-30
1306,2005-07-06,2005-06-14,2005-03-25,2005-05-30
1307,2005-08-04,2005-07-14,2005-04-24,2005-06-28
1308,2005-09-03,2005-08-12,2005-05-23,2005-07-27
1309,2005-10-03,2005-09-11,2005-06-21,2005-08-26
1310,2005-11-01,2005-10-10,2005-07-21,2005-09-24
1311,2005-12-01,2005-11-08,2005-08-19,2005-10-24
1312,2005-12-30,2005-12-08,2005-09-17,2005-11-23
1313,2006-01-29,2006-01-06,2005-10-17,2005-12-23
1314,2006-02-27,2006-02-04,2005-11-15,2006-01-22
1315,2006-03-29,2006-03-06,2005-12-15,2006-02-20
1316,2006-04-27,2006-04-05,2006-01-14,2006-03-22
1317,2006-05-26,2006-05-04,2006-02-12,2006-04-20
1318,2006-06-25,2006-06-03,2006-03-14,2006-05-20
1319,2006-07-24,2006-07-03,2006-04-13,2006-06-18
1320,2006-08-23,2006-08-02,2006-05-12,2006-07-17
1321,2006-09-22,2006-08-31,2006-06-11,2006-08-15
1322,2006-10-21,2006-09-30,2006-07-10,2006-09-14
1323,2006-11-20,2006-10-29,2006-08-09,2006-10-13
1324,2006-12-20,2006-11-27,2006-09-07,2006-11-12
1325,2007-01-18,2006-12-27,2006-10-06,2006-12-12
1326,2007-02-17,2007-01-25,2006-11-05,2007-01-11
1327,2007-03-18,2007-02-23,2006-12-04,2007-02-10
1328,2007-04-17,2007-03-25,2007-01-03,2007-03-11
1329,2007-05-16,2007-04-23,2007-02-01,2007-04-10
1330,2007-06-14,2007-05-23,2007-03-03,2007-05-09
1331,2007-07-14,2007-06-22,2007-04-02,2007-06-08
1332,2007-08-12,2007-07-21,2007-05-02,2007-07-07
1333,2007-09-11,2007-08-20,2007-05-31,2007-08-05
1334,2007-10-10,2007-09-19,2007-06-30,2007-09-03
1335,2007-11-09,2007-10-19,2007-07-29,2007-10-03
1336,2007-12-09,2007-11-17,2007-08-28,2007-11-01
1337,2008-01-08,2007-12-17,2007-09-26,2007-12-01
1338,2008-02-06,2008-01-15,2007-10-25,2007-12-30
1339,2008-03-07,2008-02-13,2007-11-24,2008-01-29
1340,2008-04-05,2008-03-14,2007-12-23,2008-02-28
1341,2008-05-05,2008-04-12,2008-01-22,2008-03-29
1342,2008-06-03,2008-05-11,2008-02-20,2008-04-28
1343,2008-07-02,2008-06-10,2008-03-21,2008-05-27
1344,2008-08-01,2008-07-09,2008-04-20,2008-06-26
1345,2008-08-30,2008-08-08,2008-05-19,2008-07-25
1346,2008-09-29,2008-09-07,2008-06-18,2008-08-23
1347,2008-10-28,2008-10-07,2008-07-18,2008-09-21
1348,2008-11-27,2008-11-05,2008-08-16,2008-10-21
1349,2008-12-27,2008-12-05,2008-09-15,2008-11-19
1350,2009-01-25,2009-01-04,2008-10-14,2008-12-19
1351,2009-02-24,2009-02-02,2008-11-12,2009-01-17
1352,2009-03-26,2009-03-03,2008-12-12,2009-02-16
1353,2009-04-24,2009-04-02,2009-01-10,2009-03-18
1354,2009-05-24,2009-05-01,2009-02-09,2009-04-17
1355,2009-06-22,2009-05-30,2009-03-10,2009-05-17
1356,2009-07-21,2009-06-29,2009-04-09,2009-06-15
1357,2009-08-20,2009-07-28,2009-05-08,2009-07-15
1358,2009-09-18,2009-08-27,2009-06-07,2009-08-13
1359,2009-10-17,2009-09-25,2009-07-07,2009-09-11
1360,2009-11-16,2009-10-25,2009-08-05,2009-10-11
1361,2009-12-16,2009-11-24,2009-09-04,2009-11-09
1362,2010-01-14,2009-12-24,2009-10-03,2009-12-08
1363,2010-02-13,2010-01-23,2009-11-02,2010-01-07
1364,2010-03-15,2010-02-21,2009-12-01,2010-02-05
1365,2010-04-14,2010-03-23,2009-12-31,2010-03-07
1366,2010-05-13,2010-04-21,2010-01-29,2010-04-06
1367,2010-06-12,2010-05-20,2010-02-28,2010-05-05
1368,2010-07-11,2010-06-18,2010-03-29,2010-06-04
1369,2010-08-09,2010-07-18,2010-04-28,2010-07-04
1370,2010-09-08,2010-08-16,2010-05-27,2010-08-02
1371,2010-10-07,2010-09-14,2010-06-26,2010-09-01
1372,2010-11-05,2010-10-14,2010-07-25,2010-09-30
1373,2010-12-05,2010-11-13,2010-08-24,2010-10-30
1374,2011-01-04,2010-12-13,2010-09-23,2010-11-28
1375,2011-02-02,2011-01-12,2010-10-22,2010-12-27
1376,2011-03-04,2011-02-10,2010-11-21,2011-01-26
1377,2011-04-03,2011-03-12,2010-12-21,2011-02-24
1378,2011-05-02,2011-04-11,2011-01-19,2011-03-26
1379,2011-06-01,2011-05-10,2011-02-18,2011-04-24
1380,2011-07-01,2011-06-08,2011-03-19,2011-05-24
1381,2011-07-30,2011-07-07,2011-04-17,2011-06-23
1382,2011-08-28,2011-08-06,2011-05-17,2011-07-22
1383,2011-09-27,2011-09-04,2011-06-15,2011-08-21
1384,2011-10-26,2011-10-03,2011-07-14,2011-09-20
1385,2011-11-24,2011-11-02,2011-08-13,2011-10-19
1386,2011-12-24,2011-12-02,2011-09-12,2011-11-18
1387,2012-01-22,2012-01-30,2011-10-11,2011-12-17
1388,2012-02-21,2012-02-29,2011-11-10,2012-01-16
1389,2012-03-22,2012-03-30,2011-12-10,2012-02-14
1390,2012-04-21,2012-04-29,2012-01-08,2012-03-14
1391,2012-05-20,2012-05-28,2012-02-07,2012-04-13
1392,2012-06-19,2012-06-26,2012-03-08,2012-05-12
1393,2012-07-18,2012-07-26,2012-04-06,2012-06-11
1394,2012-08-17,2012-08-24,2012-05-05,2012-07-10
1395,2012-09-15,2012-09-22,2012-06-04,2012-08-09
1396,2012-10-15,2012-10-21,2012-07-03,2012-09-08
1397,2012-11-13,2012-11-20,2012-08-01,2012-10-08
1398,2012-12-13,2012-12-19,2012-08-31,2012-11-06
1399,2013-01-11,2012-12-31,2012-09-29,2012-12-06
1400,2013-02-09,2013-01-18,2012-10-29,2013-01-04
1401,2013-03-11,2013-02-17,2012-11-28,2013-02-03
1402,2013-04-10,2013-03-19,2012-12-28,2013-03-04
1403,2013-05-09,2013-04-18,2013-01-26,2013-04-02
1404,2013-06-08,2013-05-17,2013-02-25,2013-05-02
1405,2013-07-08,2013-06-16,2013-03-27,2013-05-31
1406,2013-08-06,2013-07-15,2013-04-25,2013-06-29
1407,2013-09-05,2013-08-14,2013-05-24,2013-07-29
1408,2013-10-04,2013-09-12,2013-06-23,2013-08-28
1409,2013-11-03,2013-10-11,2013-07-22,2013-09-26
1410,2013-12-02,2013-11-09,2013-08-20,2013-10-26
1411,2014-01-01,2013-12-09,2013-09-19,2013-11-25
1412,2014-01-30,2014-01-07,2013-10-18,2013-12-25
1413,2014-03-01,2014-02-06,2013-11-17,2014-01-23
1414,2014-03-30,2014-03-08,2013-12-17,2014-02-22
1415,2014-04-28,2014-04-07,2014-01-15,2014-03-23
1416,2014-05-28,2014-05-06,2014-02-14,2014-04-22
1417,2014-06-27,2014-06-05,2014-03-16,2014-05-21
1418,2014-07-26,2014-07-05,2014-04-15,2014-06-19
1419,2014-08-25,2014-08-03,2014-05-14,2014-07-18
1420,2014-09-23,2014-09-02,2014-06-12,2014-08-17
1421,2014-10-23,2014-10-01,2014-07-12,2014-09-15
1422,2014-11-22,2014-10-30,2014-08-10,2014-10-15
1423,2014-12-21,2014-11-29,2014-09-08,2014-11-14
1424,2015-01-20,2014-12-28,2014-10-08,2014-12-14
1425,2015-02-18,2015-01-26,2014-11-06,2015-01-13
1426,2015-03-20,2015-02-25,2014-12-06,2015-02-11
1427,2015-04-18,2015-03-27,2015-01-04,2015-03-13
1428,2015-05-17,2015-04-25,2015-02-03,2015-04-11
1429,2015-06-16,2015-05-25,2015-03-05,2015-05-11
1430,2015-07-15,2015-06-24,2015-04-04,2015-06-09
1431,2015-08-14,2015-07-23,2015-05-03,2015-07-08
1432,2015-09-12,2015-08-22,2015-06-02,2015-08-06
1433,2015-10-12,2015-09-21,2015-07-01,2015-09-05
1434,2015-11-11,2015-10-20,2015-07-31,2015-10-04
1435,2015-12-11,2015-11-18,2015-08-29,2015-11-03
1436,2016-01-09,2015-12-18,2015-09-27,2015-12-02
1437,2016-02-08,2016-01-16,2015-10-27,2016-01-01
1438,2016-03-08,2016-02-14,2015-11-25,2016-01-31
1439,2016-04-07,2016-03-15,2015-12-25,2016-03-01
1440,2016-05-06,2016-04-13,2016-01-23,2016-03-31
1441,2016-06-04,2016-05-13,2016-02-22,2016-04-29
1442,2016-07-04,2016-06-12,2016-03-23,2016-05-29
1443,2016-08-02,2016-07-11,2016-04-21,2016-06-27
1444,2016-09-01,2016-08-10,2016-05-21,2016-07-26
1445,2016-09-30,2016-09-09,2016-06-20,2016-08-24
1446,2016-10-30,2016-10-08,2016-07-19,2016-09-23
1447,2016-11-29,2016-11-07,2016-08-18,2016-10-22
1448,2016-12-28,2016-12-07,2016-09-16,2016-11-21
1449,2017-01-27,2017-01-05,2016-10-15,2016-12-20
1450,2017-02-26,2017-02-03,2016-11-14,2017-01-19
1451,2017-03-27,2017-03-05,2016-12-13,2017-02-18
1452,2017-04-26,2017-04-03,2017-01-12,2017-03-20
1453,2017-05-25,2017-05-02,2017-02-10,2017-04-19
1454,2017-06-23,2017-06-01,2017-03-12,2017-05-18
1455,2017-07-23,2017-06-30,2017-04-10,2017-06-17
1456,2017-08-21,2017-07-30,2017-05-10,2017-07-16
1457,2017-09-19,2017-08-29,2017-06-09,2017-08-14
1458,2017-10-19,2017-09-27,2017-07-08,2017-09-12
1459,2017-11-18,2017-10-27,2017-08-07,2017-10-12
1460,2017-12-17,2017-11-26,2017-09-06,2017-11-10
1461,2018-01-16,2017-12-26,2017-10-05,2017-12-09
1462,2018-02-15,2018-01-24,2017-11-03,2018-01-08
1463,2018-03-17,2018-02-23,2017-12-03,2018-02-07
1464,2018-04-15,2018-03-24,2018-01-01,2018-03-09
1465,2018-05-15,2018-04-22,2018-01-31,2018-04-08
1466,2018-06-13,2018-05-21,2018-03-01,2018-05-07
1467,2018-07-12,2018-06-20,2018-03-31,2018-06-06
1468,2018-08-11,2018-07-19,2018-04-29,2018-07-06
1469,2018-09-09,2018-08-18,2018-05-29,2018-08-04
1470,2018-10-08,2018-09-16,2018-06-27,2018-09-02
1471,2018-11-07,2018-10-16,2018-07-27,2018-10-02
1472,2018-12-06,2018-11-15,2018-08-26,2018-10-31
1473,2019-01-05,2018-12-15,2018-09-24,2018-11-29
1474,2019-02-04,2019-01-13,2018-10-24,2018-12-29
1475,2019-03-06,2019-02-12,2018-11-22,2019-01-27
1476,2019-04-05,2019-03-14,2018-12-22,2019-02-26
1477,2019-05-04,2019-04-12,2019-01-20,2019-03-28
1478,2019-06-03,2019-05-11,2019-02-19,2019-04-26
1479,2019-07-02,2019-06-09,2019-03-20,2019-05-26
1480,2019-07-31,2019-07-09,2019-04-19,2019-06-25
1481,2019-08-30,2019-08-07,2019-05-18,2019-07-24
1482,2019-09-28,2019-09-05,2019-06-17,2019-08-23
1483,2019-10-27,2019-10-05,2019-07-16,2019-09-21
1484,2019-11-26,2019-11-04,2019-08-15,2019-10-21
1485,2019-12-25,2019-12-03,2019-09-13,2019-11-19
1486,2020-01-24,2020-01-02,2019-10-13,2019-12-18
1487,2020-02-23,2020-02-01,2019-11-12,2020-01-17
1488,2020-03-24,2020-03-02,2019-12-11,2020-02-15
1489,2020-04-22,2020-04-01,2020-01-10,2020-03-16
1490,2020-05-22,2020-04-30,2020-02-08,2020-04-14
1491,2020-06-20,2020-05-29,2020-03-09,2020-05-14
1492,2020-07-20,2020-06-28,2020-04-07,2020-06-12
1493,2020-08-18,2020-07-27,2020-05-07,2020-07-12
1494,2020-09-17,2020-08-25,2020-06-05,2020-08-11
1495,2020-10-16,2020-09-23,2020-07-04,2020-09-10
1496,2020-11-14,2020-10-23,2020-08-03,2020-10-09
1497,2020-12-14,2020-11-21,2020-09-01,2020-11-08
1498,2021-01-12,2020-12-21,2020-10-01,2020-12-07
1499,2021-02-11,2021-01-20,2020-10-31,2021-01-06
1500,2021-03-13,2021-02-19,2020-11-30,2021-02-04
1501,2021-04-11,2021-03-21,2020-12-29,2021-03-05
1502,2021-05-11,2021-04-20,2021-01-28,2021-04-04
1503,2021-06-10,2021-05-19,2021-02-27,2021-05-03
1504,2021-07-09,2021-06-17,2021-03-28,2021-06-02
1505,2021-08-08,2021-07-17,2021-04-26,2021-07-01
1506,2021-09-06,2021-08-15,2021-05-26,2021-07-31
1507,2021-10-06,2021-09-13,2021-06-24,2021-08-30
1508,2021-11-04,2021-10-12,2021-07-23,2021-09-28
1509,2021-12-03,2021-11-11,2021-08-22,2021-10-28
1510,2022-01-02,2021-12-10,2021-09-20,2021-11-27
1511,2022-01-31,2022-01-09,2021-10-20,2021-12-26
1512,2022-03-02,2022-02-08,2021-11-19,2022-01-25
1513,2022-03-31,2022-03-10,2021-12-18,2022-02-23
1514,2022-04-30,2022-04-08,2022-01-17,2022-03-24
1515,2022-05-30,2022-05-08,2022-02-16,2022-04-23
1516,2022-06-28,2022-06-07,2022-03-18,2022-05-22
1517,2022-07-28,2022-07-06,2022-04-16,2022-06-20
1518,2022-08-27,2022-08-05,2022-05-15,2022-07-20
1519,2022-09-25,2022-09-03,2022-06-14,2022-08-18
1520,2022-10-25,2022-10-02,2022-07-13,2022-09-17
1521,2022-11-23,2022-10-31,2022-08-11,2022-10-17
1522,2022-12-23,2022-11-30,2022-09-10,2022-11-16
